unicode,character,freq
U+306B,に,15982
U+306E,の,14337
U+3057,し,13386
U+3066,て,12976
U+3068,と,11068
U+3092,を,9208
U+306F,は,8725
U+308A,り,8656
U+304B,か,8439
U+306A,な,7892
U+3082,も,7491
U+3044,い,7022
U+308B,る,6797
U+305F,た,5684
U+3089,ら,5581
U+304F,く,5447
U+304D,き,5078
U+3075,ふ,4742
U+307E,ま,4610
U+3078,へ,4121
U+3059,す,3946
U+3055,さ,3927
U+308C,れ,3897
U+3042,あ,3697
U+3046,う,3662
U+3064,つ,3618
U+3093,ん,3386
U+3053,こ,3322
U+3084,や,3292
U+304C,が,3204
U+3088,よ,3047
U+304A,お,2734
U+3072,ひ,2713
U+3051,け,2519
U+30FB,・,2341
U+305B,せ,2263
U+3070,ば,2137
U+309D,ゝ,2130
U+305D,そ,1909
U+3081,め,1886
U+4E00,一,1768
U+4E91,云,1766
U+4E8B,事,1674
U+3069,ど,1622
U+307F,み,1586
U+4EBA,人,1575
U+53C8,又,1451
U+308F,わ,1383
U+3060,だ,1356
U+3067,で,1349
U+3061,ち,1274
U+3031,〱,1268
U+5165,入,1259
U+308D,ろ,1257
U+305A,ず,1220
U+7269,物,1199
U+3079,べ,1181
U+306C,ぬ,1165
U+307B,ほ,1122
U+51FA,出,1121
U+306D,ね,1100
U+898B,見,1066
U+3058,じ,1060
U+5927,大,1052
U+30A2,ア,1035
U+5B50,子,1033
U+6B64,此,1019
U+5176,其,1002
U+4E5F,也,997
U+3086,ゆ,980
U+3080,む,967
U+65E5,日,920
U+5C0F,小,898
U+65B9,方,870
U+4E0A,上,865
U+3054,ご,840
U+662F,是,820
U+25CB,○,803
U+4E09,三,793
U+4E2D,中,789
U+30CF,ハ,785
U+3073,び,779
U+4F55,何,728
U+5019,候,723
U+5973,女,721
U+56FD,国,678
U+4E8C,二,668
U+6642,時,667
U+4ECA,今,663
U+3065,づ,646
U+3056,ざ,639
U+5FA1,御,637
U+6709,有,627
U+6240,所,625
U+5FC3,心,614
U+3076,ぶ,599
U+524D,前,592
U+5408,合,583
U+6C34,水,578
U+304E,ぎ,556
U+8EAB,身,552
U+4E94,五,550
U+5C71,山,546
U+5341,十,537
U+540C,同,529
U+6C41,汁,527
U+3052,げ,525
U+7D66,給,524
U+624B,手,522
U+8695,蚕,520
U+7ACB,立,520
U+69D8,様,509
U+305E,ぞ,507
U+4E4B,之,504
U+4E0B,下,499
U+5409,吉,491
U+4E16,世,486
U+8A00,言,481
U+7533,申,464
U+307C,ぼ,460
U+4ED5,仕,459
U+6708,月,444
U+3048,え,440
U+56DB,四,437
U+9152,酒,433
U+540D,名,431
U+751F,生,427
U+6771,東,421
U+5DDE,州,420
U+5F8C,後,416
U+53E3,口,411
U+30DF,ミ,409
U+3050,ぐ,406
U+516D,六,403
U+30C4,ツ,397
U+6C5F,江,395
U+6728,木,390
U+98A8,風,389
U+5BB6,家,388
U+82B1,花,387
U+591C,夜,386
U+5C45,居,384
U+601D,思,384
U+309E,ゞ,384
U+6625,春,381
U+53F3,右,380
U+767D,白,376
U+6238,戸,376
U+53D6,取,372
U+8272,色,372
U+5206,分,363
U+30EC,レ,356
U+5185,内,353
U+9CE5,鳥,352
U+805E,聞,345
U+30FD,ヽ,338
U+5E74,年,333
U+592B,夫,331
U+76EE,目,329
U+5473,味,326
U+897F,西,319
U+5F15,引,316
U+7F6E,置,315
U+8449,葉,315
U+548C,和,314
U+3005,々,312
U+5207,切,312
U+6CBB,治,308
U+30C8,ト,306
U+8336,茶,304
U+6851,桑,294
U+30CB,ニ,294
U+4ED8,付,286
U+9B5A,魚,276
U+9053,道,276
U+9593,間,274
U+30B5,サ,274
U+5C4B,屋,272
U+5916,外,268
U+7D19,紙,263
U+91D1,金,263
U+98DF,食,263
U+884C,行,263
U+5929,天,263
U+7528,用,262
U+91CE,野,261
U+4F86,來,260
U+516B,八,257
U+53CA,及,257
U+4E03,七,256
U+672C,本,253
U+795E,神,253
U+5DE6,左,252
U+30CE,ノ,248
U+570B,國,248
U+9577,長,245
U+6210,成,244
U+7A0B,程,243
U+716E,煮,242
U+7A2E,種,242
U+6211,我,241
U+6765,来,235
U+7537,男,233
U+571F,土,232
U+30A6,ウ,231
U+7406,理,230
U+4E0D,不,228
U+66F8,書,227
U+3062,ぢ,227
U+8005,者,225
U+5869,塩,225
U+4EAC,京,222
U+6C17,気,221
U+592A,太,220
U+79C1,私,218
U+90E8,部,218
U+53E4,古,213
U+5E73,平,213
U+901A,通,211
U+713C,焼,211
U+8349,草,210
U+30F2,ヲ,209
U+90CE,郎,208
U+4F5C,作,208
U+7B2C,第,205
U+5C11,少,205
U+7389,玉,204
U+8A9E,語,204
U+3091,ゑ,204
U+706B,火,203
U+30E8,ヨ,202
U+660E,明,200
U+6216,或,199
U+7530,田,198
U+5375,卵,197
U+714E,煎,196
U+5F37,強,196
U+5DDD,川,196
U+591A,多,194
U+6839,根,190
U+8C46,豆,187
U+9580,門,187
U+61F8,懸,186
U+7DCF,総,185
U+305C,ぜ,185
U+5730,地,184
U+8D8A,越,184
U+6E6F,湯,182
U+6C23,氣,181
U+30A4,イ,178
U+81EA,自,177
U+677E,松,176
U+80FD,能,176
U+6D77,海,174
U+6F2C,漬,174
U+547C,呼,172
U+76BF,皿,171
U+6CD5,法,170
U+8FD1,近,170
U+5F80,往,169
U+5F62,形,169
U+5EA6,度,168
U+77E5,知,167
U+4E5D,九,166
U+6545,故,163
U+95A2,関,162
U+5148,先,162
U+303B,〻,162
U+52A0,加,161
U+4F8D,侍,161
U+5171,共,160
U+60AA,悪,159
U+8A5E,詞,159
U+5965,奥,159
U+9AD8,高,158
U+9063,遣,157
U+5175,兵,155
U+30E4,ヤ,155
U+7AF9,竹,155
U+985E,類,155
U+8FBA,辺,154
U+5EA7,座,153
U+521D,初,152
U+6A23,樣,152
U+5E38,常,150
U+5F97,得,150
U+7C89,粉,148
U+5982,如,147
U+6587,文,146
U+3090,ゐ,145
U+8DB3,足,145
U+9752,青,145
U+623F,房,143
U+5F7C,彼,143
U+91CC,里,143
U+7FA9,義,142
U+30CA,ナ,141
U+4EE5,以,140
U+83DC,菜,140
U+5DFB,巻,139
U+7B11,笑,139
U+6B66,武,138
U+8001,老,137
U+96E8,雨,137
U+5E2B,師,137
U+8584,薄,137
U+30DE,マ,136
U+5BF8,寸,135
U+564C,噌,135
U+6268,扨,135
U+4ECB,介,135
U+90FD,都,134
U+7C73,米,133
U+6CB9,油,133
U+5B9F,実,133
U+5225,別,133
U+6599,料,132
U+5357,南,132
U+6577,敷,132
U+4EE3,代,132
U+89AA,親,132
U+76F8,相,132
U+52DD,勝,131
U+4F46,但,131
U+671D,朝,131
U+5C3E,尾,131
U+7136,然,131
U+82E5,若,130
U+5BBF,宿,130
U+9060,遠,129
U+6B21,次,129
U+60C5,情,128
U+990A,養,128
U+4E07,万,127
U+904E,過,126
U+30E2,モ,125
U+6368,捨,125
U+99AC,馬,124
U+753A,町,124
U+9905,餅,124
U+4FE1,信,124
U+4E3B,主,124
U+97F3,音,123
U+6B63,正,123
U+8D77,起,123
U+7740,着,122
U+8179,腹,122
U+4F0A,伊,122
U+52E2,勢,121
U+5343,千,121
U+757F,畿,121
U+98EF,飯,120
U+7121,無,120
U+7236,父,120
U+8863,衣,120
U+96EA,雪,120
U+9762,面,119
U+4F50,佐,119
U+7B49,等,118
U+6D25,津,118
U+89D2,角,118
U+767E,百,117
U+5347,升,117
U+79CB,秋,117
U+79F0,称,115
U+6885,梅,114
U+76DB,盛,114
U+81B3,膳,113
U+30F3,ン,113
U+66FF,替,113
U+7D30,細,113
U+5150,児,113
U+4F3C,似,112
U+96F2,雲,112
U+53BB,去,112
U+5F35,張,111
U+9ED2,黒,111
U+8D64,赤,111
U+6BCD,母,111
U+30CD,ネ,110
U+5411,向,110
U+541B,君,110
U+8DE1,跡,109
U+5E72,干,109
U+77F3,石,109
U+9999,香,109
U+8338,茸,109
U+7CF8,糸,108
U+55B0,喰,108
U+91CD,重,108
U+6301,持,107
U+610F,意,107
U+885E,衞,107
U+547D,命,107
U+6298,折,106
U+5742,坂,106
U+7FBD,羽,106
U+534A,半,106
U+6BB5,段,105
U+5D8B,嶋,105
U+6D41,流,104
U+76F4,直,103
U+54C1,品,102
U+65B0,新,101
U+7D42,終,101
U+5B57,字,100
U+6B7B,死,100
U+80B4,肴,100
U+81FA,臺,100
U+6597,斗,99
U+4E45,久,98
U+76AE,皮,98
U+5B9A,定,97
U+5BD2,寒,97
U+6309,按,96
U+6253,打,96
U+75C5,病,96
U+5438,吸,95
U+7570,異,95
U+5E03,布,94
U+4E21,両,94
U+9EC4,黄,94
U+843D,落,93
U+539F,原,93
U+590F,夏,93
U+8CC0,賀,93
U+9162,酢,93
U+6CB3,河,93
U+4FD7,俗,93
U+5F85,待,93
U+59BB,妻,92
U+725B,牛,92
U+982D,頭,92
U+8AF8,諸,91
U+9262,鉢,91
U+56F3,図,91
U+9BDB,鯛,91
U+30BB,セ,90
U+53EA,只,90
U+6570,数,90
U+9055,違,90
U+9B3C,鬼,89
U+6DF1,深,89
U+5C0B,尋,89
U+6307,指,89
U+76C3,盃,88
U+5B88,守,88
U+904A,遊,88
U+6749,杉,88
U+6E05,清,87
U+9803,頃,87
U+8AAC,説,87
U+5BFA,寺,87
U+7230,爰,86
U+30D0,バ,86
U+672B,末,86
U+696D,業,86
U+4F4F,住,85
U+5439,吹,85
U+5317,北,84
U+4E38,丸,84
U+8089,肉,84
U+9678,陸,83
U+66AE,暮,83
U+30F1,ヱ,83
U+7E01,縁,83
U+5A66,婦,83
U+4ED6,他,82
U+9032,進,82
U+8C9D,貝,82
U+5BE2,寢,82
U+6A4B,橋,82
U+5510,唐,81
U+54E5,哥,81
U+6B73,歳,81
U+7F8E,美,80
U+6BD4,比,80
U+58F1,壱,80
U+8DEF,路,80
U+5922,夢,80
U+8072,聲,80
U+845B,葛,79
U+7BB1,箱,78
U+58F0,声,78
U+4ED9,仙,78
U+6FC3,濃,78
U+51AC,冬,77
U+58EB,士,77
U+8896,袖,77
U+738B,王,77
U+5E30,帰,77
U+771F,真,77
U+5668,器,77
U+5177,具,77
U+8A08,計,76
U+7D44,組,76
U+7D50,結,76
U+9918,餘,76
U+8A70,詰,76
U+82E6,苦,76
U+5915,夕,75
U+51E6,処,75
U+5143,元,75
U+96C4,雄,75
U+7BC0,節,75
U+66F4,更,75
U+65AF,斯,75
U+7565,略,74
U+3032,〲,74
U+611B,愛,74
U+8FBC,込,74
U+4F5B,佛,74
U+8A18,記,73
U+723A,爺,73
U+732A,猪,73
U+83D3,菓,73
U+6795,枕,73
U+597D,好,73
U+5DF1,己,73
U+866B,虫,73
U+9E7F,鹿,73
U+96C6,集,72
U+98FC,飼,72
U+6C11,民,72
U+6BD2,毒,72
U+9732,露,72
U+65E9,早,71
U+85A9,薩,71
U+934B,鍋,71
U+80A5,肥,71
U+8AB0,誰,71
U+80E1,胡,71
U+59CB,始,71
U+96E3,難,70
U+7686,皆,70
U+8CB4,貴,69
U+51B7,冷,69
U+8A60,詠,69
U+7FC1,翁,69
U+5C24,尤,69
U+50E7,僧,69
U+7688,皈,68
U+5229,利,68
U+5B89,安,68
U+6CE2,波,68
U+9670,陰,68
U+8FC4,迄,68
U+5D0E,崎,68
U+62BC,押,68
U+7D05,紅,67
U+9CF4,鳴,67
U+54C9,哉,67
U+5BC4,寄,67
U+9023,連,67
U+679C,果,67
U+52A9,助,66
U+7523,産,66
U+7DE8,編,66
U+9EA6,麦,65
U+6027,性,64
U+6C0F,氏,64
U+679D,枝,63
U+53EF,可,63
U+663C,昼,63
U+6E21,渡,63
U+9996,首,63
U+6B4C,歌,62
U+5584,善,62
U+9D28,鴨,62
U+74DC,瓜,62
U+7D2B,紫,62
U+81F3,至,62
U+6200,戀,61
U+5200,刀,61
U+8CAB,貫,61
U+828B,芋,61
U+5F1F,弟,61
U+5949,奉,61
U+6848,案,61
U+4E39,丹,61
U+5B9C,宜,61
U+821F,舟,60
U+9280,銀,60
U+7E54,織,60
U+4E95,井,60
U+5BA2,客,60
U+7DBF,綿,60
U+6EDD,滝,60
U+554F,問,59
U+60B2,悲,59
U+5FD7,志,59
U+6469,摩,59
U+5A18,娘,59
U+4FBF,便,59
U+677F,板,59
U+5FF5,念,59
U+5316,化,59
U+7CBE,精,59
U+70BA,為,58
U+6D17,洗,58
U+6900,椀,58
U+6CA2,沢,58
U+7802,砂,58
U+65E6,旦,58
U+7247,片,58
U+6CEA,泪,58
U+8EE2,転,58
U+773C,眼,58
U+8A71,話,58
U+5728,在,58
U+80F8,胸,57
U+543E,吾,57
U+6912,椒,57
U+8FD4,返,56
U+7336,猶,56
U+7576,當,56
U+8033,耳,56
U+6B5F,歟,56
U+6614,昔,55
U+50B3,傳,55
U+8AA0,誠,55
U+5BAE,宮,55
U+5FB3,徳,55
U+8C50,豐,54
U+5F53,当,54
U+5974,奴,54
U+53C2,参,54
U+9AEA,髪,54
U+967D,陽,54
U+9AEE,髮,54
U+4F4D,位,54
U+8C37,谷,53
U+800C,而,53
U+67D3,染,53
U+7B51,筑,53
U+6D6E,浮,53
U+6BBF,殿,53
U+56E0,因,53
U+30B3,コ,53
U+9BC9,鯉,53
U+79D8,秘,53
U+84CB,蓋,53
U+732E,献,52
U+90A3,那,52
U+5B85,宅,52
U+7CD6,糖,52
U+7A7A,空,52
U+59C9,姉,52
U+5449,呉,52
U+5EFB,廻,51
U+67DA,柚,51
U+53EC,召,51
U+5099,備,51
U+5C3A,尺,51
U+30B7,シ,51
U+91A4,醤,51
U+6B78,歸,51
U+5EFF,廿,51
U+8CE3,賣,51
U+30EB,ル,50
U+4E01,丁,50
U+6876,桶,50
U+5168,全,50
U+8A33,訳,50
U+6CE3,泣,50
U+523B,刻,50
U+7FCC,翌,50
U+539A,厚,50
U+30DB,ホ,50
U+53F0,台,50
U+92AD,銭,50
U+5484,咄,49
U+5BCC,富,49
U+62F5,拵,49
U+968E,階,49
U+8239,船,49
U+8AC7,談,49
U+98DB,飛,49
U+9C60,鱠,49
U+4E86,了,49
U+6025,急,49
U+85AC,薬,49
U+8EFD,軽,49
U+65C5,旅,49
U+59FF,姿,49
U+8A63,詣,48
U+6C38,永,48
U+99FF,駿,48
U+8170,腰,48
U+9858,願,48
U+606F,息,48
U+9F20,鼠,48
U+5EAD,庭,47
U+9644,附,47
U+6BCE,毎,47
U+975E,非,47
U+6B8B,残,47
U+9022,逢,47
U+89E3,解,47
U+7E6D,繭,47
U+57CE,城,46
U+9F3B,鼻,46
U+84EE,蓮,46
U+7A74,穴,46
U+5FC5,必,46
U+9662,院,46
U+899A,覚,46
U+7B46,筆,46
U+63DA,揚,46
U+983C,頼,46
U+96B1,隱,46
U+6D88,消,45
U+6BDB,毛,45
U+7D00,紀,45
U+907A,遺,45
U+9AA8,骨,45
U+6B4E,歎,45
U+793C,礼,45
U+5E8A,床,45
U+90F7,郷,45
U+8352,荒,45
U+3071,ぱ,45
U+968F,随,44
U+8836,蠶,44
U+7A4D,積,44
U+51E1,凡,44
U+5F10,弐,44
U+6B98,殘,44
U+8CB7,買,44
U+30C6,テ,44
U+7AEF,端,44
U+5BD0,寐,44
U+6B69,歩,44
U+795D,祝,44
U+5149,光,44
U+7F6A,罪,44
U+826F,良,44
U+5FD8,忘,44
U+885B,衛,44
U+8DA3,趣,43
U+6050,恐,43
U+5F71,影,43
U+670D,服,43
U+6559,教,43
U+7531,由,43
U+516C,公,43
U+89BA,覺,43
U+6700,最,43
U+7BB8,箸,43
U+672A,未,42
U+6F22,漢,42
U+529B,力,42
U+653E,放,42
U+6E1B,減,42
U+84B8,蒸,42
U+5247,則,42
U+7C60,籠,42
U+8C4A,豊,42
U+4F1D,伝,42
U+5E36,帶,42
U+679A,枚,41
U+9EB8,麸,41
U+4F59,余,41
U+984F,顏,41
U+971C,霜,41
U+5C3D,尽,41
U+5144,兄,41
U+4F7F,使,41
U+517C,兼,41
U+6B8A,殊,41
U+4F11,休,41
U+9001,送,41
U+5C3B,尻,40
U+7D72,絲,40
U+9B92,鮒,40
U+6975,極,40
U+8208,興,40
U+6696,暖,40
U+706F,灯,40
U+6B62,止,40
U+7532,甲,40
U+7D04,約,40
U+771E,眞,40
U+62FE,拾,40
U+4F8B,例,40
U+60DC,惜,39
U+4453,䑓,39
U+4F0F,伏,39
U+7D0D,納,39
U+82BD,芽,39
U+8AD6,論,39
U+4EC1,仁,39
U+7897,碗,39
U+4E9B,些,39
U+8ECA,車,39
U+7B54,答,39
U+6751,村,39
U+9EBB,麻,39
U+68DA,棚,39
U+8D70,走,38
U+53E5,句,38
U+639B,掛,38
U+8ACB,請,38
U+7687,皇,38
U+4EAD,亭,38
U+67F3,柳,38
U+7D93,經,38
U+30B1,ケ,38
U+9020,造,38
U+8003,考,37
U+52B4,労,37
U+5B63,季,37
U+64AD,播,37
U+5B87,宇,37
U+7559,留,37
U+5236,制,37
U+7683,皃,37
U+81E3,臣,37
U+4E5E,乞,37
U+793E,社,37
U+99B4,馴,37
U+5E95,底,37
U+88CF,裏,37
U+5CA9,岩,37
U+7720,眠,37
U+25B3,△,37
U+5426,否,37
U+5BB5,宵,37
U+6E29,温,36
U+6CC9,泉,36
U+574A,坊,36
U+85CF,藏,36
U+30D8,ヘ,36
U+83CA,菊,36
U+756A,番,36
U+8F29,輩,36
U+675F,束,36
U+618E,憎,36
U+7B4B,筋,35
U+8535,蔵,35
U+5E7E,幾,35
U+30E0,ム,35
U+5EE3,廣,35
U+9854,顔,35
U+5301,匁,35
U+5B5D,孝,35
U+4EA4,交,35
U+7BED,篭,35
U+80CC,背,35
U+73CD,珍,35
U+4EF0,仰,35
U+66F2,曲,35
U+6D45,浅,35
U+91E3,釣,35
U+8CCA,賊,35
U+929A,銚,35
U+6C37,氷,35
U+96C0,雀,35
U+624D,才,35
U+6D6A,浪,35
U+964D,降,34
U+690E,椎,34
U+7518,甘,34
U+5377,卷,34
U+7F85,羅,34
U+5718,團,34
U+8846,衆,34
U+60E3,惣,34
U+70CF,烏,34
U+4E26,並,34
U+70AD,炭,34
U+5802,堂,34
U+72C2,狂,34
U+4F53,体,34
U+53CB,友,34
U+8CAC,責,34
U+5373,即,34
U+8ABF,調,34
U+4E57,乗,33
U+6065,恥,33
U+9650,限,33
U+5909,変,33
U+567A,噺,33
U+5009,倉,33
U+7AE5,童,33
U+8FCE,迎,33
U+70B9,点,33
U+6D3B,活,33
U+6E80,満,33
U+8150,腐,33
U+888B,袋,32
U+636E,据,32
U+8E0F,踏,32
U+63D0,提,32
U+6817,栗,32
U+85E4,藤,32
U+8A31,許,32
U+8CA7,貧,32
U+6DFB,添,32
U+65E2,既,32
U+5305,包,32
U+6A2A,横,32
U+5931,失,32
U+66F0,曰,32
U+914D,配,32
U+796D,祭,32
U+5BB9,容,31
U+61C9,應,31
U+7B20,笠,31
U+53F8,司,31
U+81E5,臥,31
U+56D8,囘,31
U+6383,掃,31
U+8ED2,軒,31
U+518D,再,31
U+6797,林,31
U+6761,条,31
U+4E71,乱,31
U+7D4C,経,31
U+5FCD,忍,31
U+4E88,予,31
U+96A3,隣,31
U+6D66,浦,30
U+514E,兎,30
U+5999,妙,30
U+798F,福,30
U+8107,脇,30
U+5546,商,30
U+72EC,独,30
U+6C99,沙,30
U+6FF1,濱,30
U+88FD,製,30
U+732B,猫,30
U+5BC6,密,30
U+529F,功,30
U+65AD,断,30
U+63C3,揃,30
U+8F2A,輪,30
U+8FFD,追,30
U+8F9B,辛,30
U+627F,承,30
U+8278,艸,30
U+8471,葱,30
U+91AC,醬,30
U+582A,堪,29
U+8FB2,農,29
U+86C7,蛇,29
U+5967,奧,29
U+7D76,絶,29
U+309F,ゟ,29
U+52E4,勤,29
U+4F9B,供,29
U+5169,兩,29
U+501F,借,29
U+7027,瀧,29
U+576A,坪,29
U+7D0B,紋,29
U+5BA4,室,29
U+671B,望,29
U+96A0,隠,29
U+5074,側,29
U+5947,奇,29
U+969C,障,29
U+8CDE,賞,29
U+8A6E,詮,29
U+622F,戯,29
U+5C0A,尊,29
U+559C,喜,29
U+6A21,模,29
U+5B58,存,29
U+6355,捕,29
U+5CA1,岡,28
U+5E78,幸,28
U+8A69,詩,28
U+6B32,欲,28
U+4E92,互,28
U+8868,表,28
U+84B2,蒲,28
U+963F,阿,28
U+59DC,姜,28
U+7DB2,網,28
U+5800,堀,28
U+76E1,盡,28
U+6247,扇,28
U+9054,達,28
U+30B9,ス,28
U+6DFA,淺,28
U+5DFE,巾,28
U+820E,舎,28
U+4E08,丈,28
U+5DE5,工,28
U+6C42,求,28
U+508D,傍,27
U+7232,爲,27
U+751A,甚,27
U+76C6,盆,27
U+6CE5,泥,27
U+647A,摺,27
U+4FDD,保,27
U+6C5D,汝,27
U+5531,唱,27
U+75DB,痛,27
U+4F1A,会,27
U+829D,芝,27
U+7834,破,27
U+6E90,源,27
U+7A40,穀,27
U+7D79,絹,27
U+71B1,熱,27
U+908A,邊,27
U+8B70,議,27
U+59EB,姫,27
U+9694,隔,26
U+5FFD,忽,26
U+76D7,盗,26
U+868A,蚊,26
U+5152,兒,26
U+9D8F,鶏,26
U+5451,呑,26
U+30EA,リ,26
U+6CCA,泊,26
U+5E2F,帯,26
U+7E6A,繪,26
U+8A13,訓,26
U+719F,熟,26
U+5834,場,26
U+62B1,抱,26
U+604B,恋,26
U+6674,晴,26
U+96C1,雁,25
U+9332,録,25
U+9DF9,鷹,25
U+6043,恃,25
U+7070,灰,25
U+4EA6,亦,25
U+4E32,串,25
U+67F4,柴,25
U+690D,植,25
U+60E1,惡,25
U+53D7,受,25
U+544A,告,25
U+9806,順,25
U+6613,易,25
U+958B,開,25
U+8CE2,賢,25
U+5E84,庄,25
U+4ECF,仏,25
U+56F0,困,25
U+79BF,禿,25
U+7A93,窓,25
U+661F,星,25
U+9BAD,鮭,25
U+611F,感,24
U+91CF,量,24
U+81BE,膾,24
U+7368,獨,24
U+6094,悔,24
U+6606,昆,24
U+88AB,被,24
U+5E2D,席,24
U+5E96,庖,24
U+30AD,キ,24
U+5E76,并,24
U+7CA5,粥,24
U+821E,舞,24
U+59B9,妹,24
U+7709,眉,24
U+8981,要,24
U+65BC,於,24
U+808C,肌,24
U+6DCB,淋,24
U+611A,愚,24
U+78E8,磨,24
U+5EB5,庵,23
U+8776,蝶,23
U+4E0E,与,23
U+71D2,燒,23
U+98EE,飮,23
U+9E97,麗,23
U+6691,暑,23
U+57A3,垣,23
U+5E02,市,23
U+7D20,素,23
U+5831,報,23
U+697D,楽,23
U+711A,焚,23
U+3006,〆,23
U+7591,疑,23
U+8302,茂,23
U+54C0,哀,23
U+96D1,雑,23
U+6A5F,機,23
U+519D,冝,23
U+5B97,宗,23
U+5BF6,寶,23
U+61D0,懐,23
U+9CE9,鳩,23
U+6F38,漸,23
U+5C13,尓,23
U+64B0,撰,23
U+76E4,盤,23
U+5047,假,23
U+6575,敵,23
U+77ED,短,23
U+8FDA,迚,22
U+7A32,稲,22
U+685C,桜,22
U+8A73,詳,22
U+63A5,接,22
U+5F92,徒,22
U+9014,途,22
U+3063,っ,22
U+5B98,官,22
U+7E04,縄,22
U+8CA0,負,22
U+52FF,勿,22
U+754C,界,22
U+5FE0,忠,22
U+5A46,婆,22
U+5100,儀,22
U+5F31,弱,22
U+8FBB,辻,22
U+8A3C,証,22
U+80B2,育,22
U+8840,血,22
U+722A,爪,22
U+5B9B,宛,22
U+683C,格,22
U+7159,煙,22
U+7092,炒,21
U+6E08,済,21
U+71D5,燕,21
U+81FC,臼,21
U+78EF,磯,21
U+5F25,弥,21
U+5ACC,嫌,21
U+59AC,妬,21
U+9664,除,21
U+4E80,亀,21
U+FA55,突,21
U+71C8,燈,21
U+56F2,囲,21
U+51F6,凶,21
U+4FF3,俳,21
U+718A,熊,21
U+9813,頓,21
U+6BBA,殺,21
U+71AC,熬,21
U+54B2,咲,21
U+6068,恨,21
U+4E7E,乾,21
U+5F13,弓,21
U+820C,舌,21
U+819D,膝,21
U+6417,搗,21
U+6687,暇,21
U+87F9,蟹,21
U+73FE,現,20
U+5C1A,尚,20
U+96C5,雅,20
U+629C,抜,20
U+541F,吟,20
U+63A1,採,20
U+5DEE,差,20
U+7167,照,20
U+518A,冊,20
U+60E0,惠,20
U+842C,萬,20
U+83EF,華,20
U+8276,艶,20
U+5993,妓,20
U+5C3C,尼,20
U+6D99,涙,20
U+9748,靈,20
U+5370,印,20
U+9DB4,鶴,20
U+6731,朱,20
U+640D,損,20
U+6A39,樹,20
U+6703,會,20
U+FA11,﨑,20
U+5F0F,式,20
U+66AB,暫,20
U+96C9,雉,20
U+632F,振,20
U+6069,恩,20
U+9B42,魂,20
U+5272,割,20
U+8304,茄,20
U+63C9,揉,20
U+6756,杖,20
U+7BE4,篤,20
U+786F,硯,20
U+5716,圖,20
U+4EA1,亡,20
U+5750,坐,19
U+4E3C,丼,19
U+7ADC,竜,19
U+6234,戴,19
U+76CA,益,19
U+82D4,苔,19
U+5374,却,19
U+5CB8,岸,19
U+50BE,傾,19
U+5442,呂,19
U+85C1,藁,19
U+8CE4,賤,19
U+91DC,釜,19
U+583A,堺,19
U+8655,處,19
U+755C,畜,19
U+7948,祈,19
U+83E9,菩,19
U+552F,唯,19
U+676F,杯,19
U+82D7,苗,19
U+5FCC,忌,19
U+8B80,讀,19
U+79C0,秀,19
U+4E14,且,19
U+98E2,飢,19
U+667A,智,19
U+74F6,瓶,19
U+5BB3,害,19
U+95C7,闇,19
U+9154,酔,19
U+5348,午,19
U+5C0D,對,19
U+5E61,幡,19
U+7345,獅,19
U+8FF7,迷,19
U+8FEF,迯,19
U+5F01,弁,19
U+758A,疊,19
U+9019,這,19
U+5E33,帳,19
U+6295,投,19
U+90E1,郡,19
U+5012,倒,19
U+58C1,壁,19
U+5BFE,対,19
U+500B,個,19
U+820A,舊,18
U+6563,散,18
U+8CA1,財,18
U+5CEF,峯,18
U+7FFC,翼,18
U+9EA5,麥,18
U+6669,晩,18
U+60D1,惑,18
U+5857,塗,18
U+52D8,勘,18
U+5F79,役,18
U+52D5,動,18
U+8056,聖,18
U+57CB,埋,18
U+7562,畢,18
U+8C9E,貞,18
U+5C48,屈,18
U+865A,虚,18
U+8CCE,賎,18
U+9B8E,鮎,18
U+6628,昨,18
U+7E23,縣,18
U+4EFB,任,18
U+8CB0,貰,18
U+809D,肝,18
U+6284,抄,18
U+9632,防,18
U+9A5A,驚,18
U+938C,鎌,18
U+904B,運,18
U+66FD,曽,18
U+8494,蒔,18
U+307A,ぺ,18
U+6C70,汰,18
U+30C1,チ,18
U+767B,登,18
U+9418,鐘,18
U+8377,荷,18
U+5224,判,18
U+5EF6,延,18
U+30AF,ク,18
U+79AA,禪,18
U+7C21,簡,18
U+4E58,乘,17
U+6843,桃,17
U+846C,葬,17
U+9F8D,龍,17
U+307D,ぽ,17
U+7C00,簀,17
U+4E73,乳,17
U+9640,陀,17
U+5404,各,17
U+6028,怨,17
U+90AA,邪,17
U+5E7C,幼,17
U+8A2A,訪,17
U+77E2,矢,17
U+6E56,湖,17
U+5F66,彦,17
U+8AA4,誤,17
U+753B,画,17
U+5C65,履,17
U+7E41,繁,17
U+53EB,叫,17
U+6442,摂,17
U+5352,卒,17
U+9000,退,17
U+758E,疎,17
U+5345,卅,17
U+9957,饗,17
U+60DA,惚,17
U+653F,政,17
U+93E1,鏡,17
U+5410,吐,17
U+6A02,樂,17
U+540E,后,17
U+767A,発,17
U+9326,錦,17
U+60F3,想,17
U+7567,畧,17
U+4F34,伴,17
U+8AE7,諧,17
U+4EEE,仮,17
U+30D5,フ,17
U+6C88,沈,17
U+86E4,蛤,16
U+52E7,勧,16
U+4EF2,仲,16
U+6D44,浄,16
U+8FFA,迺,16
U+5618,嘘,16
U+694A,楊,16
U+5CF6,島,16
U+514D,免,16
U+62E0,拠,16
U+6C96,沖,16
U+7AE0,章,16
U+4FC4,俄,16
U+5118,儘,16
U+6016,怖,16
U+5883,境,16
U+56DE,回,16
U+7B52,筒,16
U+7A42,穂,16
U+50AC,催,16
U+7C95,粕,16
U+702C,瀬,16
U+67FF,柿,16
U+9589,閉,16
U+7B48,筈,16
U+91DD,針,16
U+767C,發,16
U+7956,祖,16
U+7F8A,羊,16
U+5A6C,婬,16
U+7DDA,線,16
U+9699,隙,16
U+98F2,飲,16
U+86D9,蛙,16
U+7BE9,篩,15
U+537F,卿,15
U+58A8,墨,15
U+616E,慮,15
U+85AA,薪,15
U+5F9E,從,15
U+9BAE,鮮,15
U+5DE7,巧,15
U+9781,鞁,15
U+5AC9,嫉,15
U+8853,術,15
U+4EE4,令,15
U+89A7,覧,15
U+51C9,凉,15
U+4FEE,修,15
U+7CA7,粧,15
U+7CE0,糠,15
U+666F,景,15
U+5C4F,屏,15
U+6E7F,湿,15
U+5B6B,孫,15
U+5BF3,寳,15
U+65A4,斤,15
U+53C3,參,15
U+69CB,構,15
U+6F01,漁,15
U+5C90,岐,15
U+7FEB,翫,15
U+862D,蘭,15
U+5713,圓,15
U+9045,遅,15
U+7099,炙,15
U+7CDF,糟,15
U+3007,〇,15
U+80F4,胴,15
U+8718,蜘,15
U+8A2D,設,14
U+8CAF,貯,14
U+7C9F,粟,14
U+9591,閑,14
U+689D,條,14
U+5BE6,實,14
U+9808,須,14
U+8B02,謂,14
U+5805,堅,14
U+9298,銘,14
U+5951,契,14
U+6182,憂,14
U+65E7,旧,14
U+7B39,笹,14
U+72D0,狐,14
U+52FA,勺,14
U+98FD,飽,14
U+6939,椹,14
U+56FA,固,14
U+53F7,号,14
U+770B,看,14
U+76DC,盜,14
U+7169,煩,14
U+5DF2,已,14
U+99C4,駄,14
U+8B49,證,14
U+5036,倶,14
U+536F,卯,14
U+671F,期,14
U+67AF,枯,14
U+7B0B,笋,14
U+6271,扱,14
U+86FE,蛾,14
U+804A,聊,14
U+7981,禁,14
U+5B78,學,14
U+79AE,禮,14
U+6804,栄,14
U+5E97,店,14
U+697C,楼,14
U+839E,莞,14
U+6176,慶,14
U+30C9,ド,14
U+99B3,馳,14
U+8AFA,諺,14
U+57F7,執,14
U+96E2,離,13
U+7434,琴,13
U+8F9E,辞,13
U+6D78,浸,13
U+91C8,釈,13
U+82DE,苞,13
U+5BDD,寝,13
U+9818,領,13
U+9B54,魔,13
U+854E,蕎,13
U+99C8,駈,13
U+901F,速,13
U+7D9A,続,13
U+9D89,鶉,13
U+9D2C,鴬,13
U+52DE,勞,13
U+9C39,鰹,13
U+523A,刺,13
U+9B22,鬢,13
U+4FEF,俯,13
U+7BA1,管,13
U+53F2,史,13
U+5B09,嬉,13
U+83F4,菴,13
U+8A8D,認,13
U+6F09,漉,13
U+59D3,姓,13
U+602A,怪,13
U+5962,奢,13
U+9685,隅,13
U+9451,鑑,13
U+6C60,池,13
U+7384,玄,13
U+6578,數,13
U+9244,鉄,13
U+8429,萩,13
U+4EF6,件,13
U+5504,唄,13
U+7ADF,竟,13
U+5302,匂,13
U+5215,刕,13
U+6D74,浴,13
U+5E0C,希,13
U+6AFB,櫻,13
U+5C31,就,13
U+99D5,駕,13
U+7078,灸,13
U+96CC,雌,13
U+6B6F,歯,13
U+6D32,洲,13
U+542B,含,12
U+7E21,縡,12
U+8CA2,貢,12
U+8ECD,軍,12
U+6539,改,12
U+63BB,掻,12
U+75B5,疵,12
U+62DC,拜,12
U+5E1D,帝,12
U+9017,逗,12
U+5D07,崇,12
U+8B58,識,12
U+7C92,粒,12
U+4F2F,伯,12
U+9D2B,鴫,12
U+8A82,誂,12
U+6D5C,浜,12
U+7CDE,糞,12
U+6590,斐,12
U+5897,増,12
U+7544,畄,12
U+81ED,臭,12
U+675C,杜,12
U+8457,著,12
U+755D,畝,12
U+5875,塵,12
U+6190,憐,12
U+548E,咎,12
U+5ED3,廓,12
U+5948,奈,12
U+5782,垂,12
U+7A1A,稚,12
U+8B6C,譬,12
U+969B,際,12
U+62CD,拍,12
U+67D0,某,12
U+7C3E,簾,12
U+9304,錄,12
U+8B77,護,12
U+8A98,誘,12
U+7FA4,群,12
U+6276,扶,12
U+4FF5,俵,12
U+8207,與,12
U+975C,靜,12
U+65CF,族,12
U+85E5,藥,12
U+7261,牡,12
U+7AAE,窮,12
U+4F10,伐,12
U+9189,醉,11
U+5609,嘉,11
U+7965,祥,11
U+5C01,封,11
U+8F09,載,11
U+852D,蔭,11
U+8A93,誓,11
U+55A7,喧,11
U+6C72,汲,11
U+5C61,屡,11
U+84EC,蓬,11
U+8B7D,譽,11
U+9EDE,點,11
U+8557,蕗,11
U+53AD,厭,11
U+5FEB,快,11
U+74E2,瓢,11
U+6CAB,沫,11
U+4EAB,享,11
U+58F7,壷,11
U+9707,震,11
U+5EAB,庫,11
U+9192,醒,11
U+67F1,柱,11
U+62F6,拶,11
U+8CAA,貪,11
U+79D1,科,11
U+5B9D,宝,11
U+9D08,鴈,11
U+5DE3,巣,11
U+9810,預,11
U+95A8,閨,11
U+6170,慰,11
U+71D7,燗,11
U+87BA,螺,11
U+6155,慕,11
U+7DD2,緒,11
U+51A0,冠,11
U+9F9D,龝,11
U+6E20,渠,11
U+7E2B,縫,11
U+5B22,嬢,11
U+5712,園,11
U+6715,朕,11
U+834A,荊,11
U+62ED,拭,11
U+76F2,盲,11
U+6089,悉,11
U+85FB,藻,11
U+6562,敢,11
U+8CEA,質,11
U+5FA9,復,11
U+6148,慈,11
U+58FA,壺,11
U+72FC,狼,11
U+5FD9,忙,11
U+914C,酌,11
U+9119,鄙,11
U+733F,猿,11
U+617E,慾,11
U+7FD2,習,11
U+3074,ぴ,11
U+6232,戲,11
U+5468,周,11
U+672D,札,11
U+6328,挨,11
U+673D,朽,11
U+6FC1,濁,11
U+8FF0,述,11
U+6E2C,測,11
U+592E,央,11
U+53CD,反,10
U+9072,遲,10
U+63A2,探,10
U+88E1,裡,10
U+6DE8,淨,10
U+6DE1,淡,10
U+85AE,薮,10
U+5629,嘩,10
U+8E0A,踊,10
U+7E69,繩,10
U+87A2,螢,10
U+970A,霊,10
U+86AB,蚫,10
U+5FDC,応,10
U+8569,蕩,10
U+7624,瘤,10
U+9091,邑,10
U+6C5A,汚,10
U+6BBC,殼,10
U+71ED,燭,10
U+30FE,ヾ,10
U+6ADB,櫛,10
U+5320,匠,10
U+5EDF,廟,10
U+7A3D,稽,10
U+7551,畑,10
U+66FE,曾,10
U+984D,額,10
U+58F2,売,10
U+5098,傘,10
U+5AC1,嫁,10
U+5351,卑,10
U+5983,妃,10
U+63A8,推,10
U+8463,董,10
U+5243,剃,10
U+8077,職,10
U+5016,倖,10
U+4E82,亂,10
U+830E,茎,10
U+6842,桂,10
U+72B6,状,10
U+660C,昌,10
U+8131,脱,10
U+8A55,評,10
U+9769,革,10
U+7A00,稀,10
U+9AD4,體,10
U+7E70,繰,10
U+50E5,僥,10
U+9BE8,鯨,10
U+7C7E,籾,10
U+88B4,袴,10
U+62C2,拂,10
U+628A,把,10
U+6589,斉,10
U+7DB1,綱,10
U+6EC5,滅,10
U+5C02,専,10
U+6311,挑,10
U+8305,茅,10
U+66D9,曙,10
U+75E9,痩,10
U+96EB,雫,10
U+5B66,学,10
U+6241,扁,10
U+7E2E,縮,10
U+5937,夷,10
U+7BC7,篇,10
U+30C5,ヅ,10
U+4E4E,乎,10
U+5C07,將,10
U+820D,舍,10
U+9010,逐,10
U+9855,顕,10
U+6753,杓,10
U+52D9,務,10
U+65BD,施,9
U+8A0E,討,9
U+51A5,冥,9
U+30BF,タ,9
U+5A5A,婚,9
U+6E9C,溜,9
U+8EB0,躰,9
U+7CE7,糧,9
U+67C4,柄,9
U+9006,逆,9
U+8218,舘,9
U+8D66,赦,9
U+8F3F,輿,9
U+5BDF,察,9
U+5F83,徃,9
U+5C4A,届,9
U+8CD1,賑,9
U+6697,暗,9
U+596A,奪,9
U+79FB,移,9
U+8E44,蹄,9
U+9B93,鮓,9
U+9C2D,鰭,9
U+9041,遁,9
U+5D29,崩,9
U+58FD,壽,9
U+87C4,蟄,9
U+5A01,威,9
U+5353,卓,9
U+4EA5,亥,9
U+82B9,芹,9
U+609F,悟,9
U+5EFA,建,9
U+85AF,薯,9
U+52AA,努,9
U+6E4A,湊,9
U+5208,刈,9
U+4E8E,于,9
U+9A19,騙,9
U+9322,錢,9
U+5230,到,9
U+68A2,梢,9
U+817F,腿,9
U+6BCB,毋,9
U+68A8,梨,9
U+8A3B,註,9
U+6C7A,決,9
U+9867,顧,9
U+927E,鉾,9
U+6714,朔,9
U+59D1,姑,9
U+50DE,僞,9
U+61F7,懷,9
U+6A3D,樽,9
U+4FAD,侭,9
U+5BA5,宥,9
U+58DF,壟,9
U+6D3E,派,9
U+6012,怒,9
U+6EFF,滿,9
U+57A2,垢,9
U+5B5F,孟,9
U+6727,朧,9
U+7E4B,繋,9
U+7259,牙,9
U+4F76,佶,9
U+9594,閔,9
U+856A,蕪,8
U+708A,炊,8
U+8986,覆,8
U+982C,頬,8
U+9B1F,鬟,8
U+59BE,妾,8
U+82A5,芥,8
U+7560,畠,8
U+5085,傅,8
U+51A8,冨,8
U+88B7,袷,8
U+9069,適,8
U+7947,祇,8
U+51CC,凌,8
U+983B,頻,8
U+7B1B,笛,8
U+62DD,拝,8
U+8102,脂,8
U+75BE,疾,8
U+99C5,駅,8
U+82A6,芦,8
U+7A7F,穿,8
U+652F,支,8
U+4F38,伸,8
U+7B95,箕,8
U+6551,救,8
U+8475,葵,8
U+60A6,悦,8
U+9DC4,鷄,8
U+54ED,哭,8
U+65B7,斷,8
U+8178,腸,8
U+4F3D,伽,8
U+674E,李,8
U+535C,卜,8
U+971E,霞,8
U+30E9,ラ,8
U+7DF4,練,8
U+9727,霧,8
U+6CBC,沼,8
U+4FA0,侠,8
U+72ED,狭,8
U+57D2,埒,8
U+6F0F,漏,8
U+4E11,丑,8
U+6DAF,涯,8
U+50CD,働,8
U+990C,餌,8
U+6C57,汗,8
U+585E,塞,8
U+6F54,潔,8
U+500D,倍,8
U+9F4B,齋,8
U+6E3E,渾,8
U+839A,莚,8
U+80A9,肩,8
U+8CB8,貸,8
U+72F8,狸,8
U+932B,錫,8
U+5BB4,宴,8
U+7DEC,緬,8
U+5996,妖,8
U+585A,塚,8
U+5E8F,序,8
U+6A19,標,8
U+6DBC,涼,8
U+639F,掟,8
U+7FA8,羨,8
U+7CFA,糺,8
U+88DD,裝,8
U+9042,遂,8
U+4EC7,仇,8
U+5BC5,寅,8
U+74E6,瓦,8
U+30EF,ワ,8
U+5186,円,8
U+60A3,患,8
U+6A58,橘,8
U+6DF5,淵,8
U+8882,袂,8
U+5E37,帷,8
U+9C2F,鰯,8
U+9059,遙,8
U+73E0,珠,8
U+50D5,僕,8
U+8AB2,課,8
U+620C,戌,8
U+68EE,森,8
U+8ACC,諌,8
U+6CC1,況,8
U+9E81,麁,8
U+6162,慢,8
U+900F,透,8
U+7E7B,繻,8
U+8766,蝦,8
U+80C6,胆,8
U+8B83,讃,8
U+6D1B,洛,8
U+8CDC,賜,8
U+81BD,膽,8
U+9A37,騷,8
U+9C57,鱗,7
U+9AED,髭,7
U+7D17,紗,7
U+8E8D,躍,7
U+9BA8,鮨,7
U+904D,遍,7
U+5203,刃,7
U+6F70,潰,7
U+9A12,騒,7
U+6652,晒,7
U+674F,杏,7
U+7CBD,粽,7
U+9BD6,鯖,7
U+85BA,薺,7
U+91D8,釘,7
U+7D10,紐,7
U+6B0A,權,7
U+7A62,穢,7
U+6816,栖,7
U+72E9,狩,7
U+698E,榎,7
U+6B96,殖,7
U+7656,癖,7
U+658E,斎,7
U+9D5E,鵞,7
U+54B3,咳,7
U+30AB,カ,7
U+72AC,犬,7
U+8CC3,賃,7
U+55C5,嗅,7
U+8613,蘓,7
U+9003,逃,7
U+51B6,冶,7
U+9B6F,魯,7
U+8521,蔡,7
U+6666,晦,7
U+7F77,罷,7
U+86DB,蛛,7
U+707D,災,7
U+71C3,燃,7
U+7A81,突,7
U+55DC,嗜,7
U+7A3F,稿,7
U+7126,焦,7
U+62D9,拙,7
U+849C,蒜,7
U+6607,昇,7
U+541D,吝,7
U+90ED,郭,7
U+8B00,謀,7
U+8F15,輕,7
U+7E1B,縛,7
U+72A2,犢,7
U+64F2,擲,7
U+9234,鈴,7
U+82B8,芸,7
U+60A9,悩,7
U+6020,怠,7
U+66C9,曉,7
U+7E94,纔,7
U+64CD,操,7
U+88F3,裳,7
U+7363,獣,7
U+5112,儒,7
U+71E5,燥,7
U+864E,虎,7
U+838A,莊,7
U+7DCB,緋,7
U+5CF0,峰,7
U+8870,衰,7
U+4E59,乙,7
U+8ADA,諚,7
U+96A8,隨,7
U+6075,恵,7
U+8996,視,7
U+507D,偽,7
U+6CE8,注,7
U+7E45,繅,7
U+5026,倦,7
U+5DE8,巨,7
U+8CBB,費,7
U+502D,倭,7
U+9EBA,麺,7
U+8155,腕,7
U+64B2,撲,7
U+9C78,鱸,7
U+86A4,蚤,7
U+8DEA,跪,7
U+6458,摘,7
U+7CC0,糀,7
U+984C,題,7
U+95DC,關,7
U+97FF,響,7
U+5E9C,府,7
U+8FF9,迹,7
U+5BE1,寡,7
U+67D1,柑,7
U+89C0,觀,7
U+683D,栽,7
U+64EC,擬,7
U+9688,隈,7
U+6734,朴,7
U+83C5,菅,7
U+633D,挽,7
U+6850,桐,7
U+512A,優,7
U+9ECD,黍,6
U+8FE6,迦,6
U+605F,恟,6
U+8549,蕉,6
U+6591,斑,6
U+89B3,観,6
U+594F,奏,6
U+82AD,芭,6
U+8015,耕,6
U+5F82,徂,6
U+5384,厄,6
U+6CB8,沸,6
U+69AE,榮,6
U+9716,霖,6
U+7E8C,續,6
U+85DD,藝,6
U+795F,祟,6
U+9802,頂,6
U+58F9,壹,6
U+51C4,凄,6
U+7B97,算,6
U+5893,墓,6
U+665D,晝,6
U+8F1D,輝,6
U+8201,舁,6
U+5F8B,律,6
U+877F,蝿,6
U+8FB0,辰,6
U+96F7,雷,6
U+7460,瑠,6
U+66B4,暴,6
U+6294,抔,6
U+65EC,旬,6
U+65E8,旨,6
U+6A59,橙,6
U+9C48,鱈,6
U+887E,衾,6
U+5C08,專,6
U+5835,堵,6
U+5D50,嵐,6
U+7109,焉,6
U+72D7,狗,6
U+5824,堤,6
U+6F5C,潜,6
U+9BA0,鮠,6
U+6367,捧,6
U+8A1B,訛,6
U+87C7,蟇,6
U+83B1,莱,6
U+9EB9,麹,6
U+4F98,侘,6
U+566A,噪,6
U+8431,萱,6
U+6B53,歓,6
U+5E7D,幽,6
U+8F49,轉,6
U+6536,收,6
U+7DBE,綾,6
U+98E9,飩,6
U+6881,梁,6
U+8997,覗,6
U+847A,葺,6
U+91E1,釡,6
U+7D39,紹,6
U+4F73,佳,6
U+59E8,姨,6
U+71F5,燵,6
U+79E6,秦,6
U+5204,刄,6
U+6F5B,潛,6
U+81F4,致,6
U+62DB,招,6
U+8499,蒙,6
U+7FC5,翅,6
U+67CF,柏,6
U+85A6,薦,6
U+9599,閙,6
U+7814,研,6
U+52C7,勇,6
U+5BDB,寛,6
U+8C48,豈,6
U+4F4E,低,6
U+7B26,符,6
U+30D2,ヒ,6
U+91AB,醫,6
U+8AAD,読,6
U+5315,匕,6
U+96DC,雜,6
U+6F64,潤,6
U+7AFF,竿,6
U+6C50,汐,6
U+7AC8,竈,6
U+4F9D,依,6
U+970E,霎,6
U+98F4,飴,6
U+9ED8,默,6
U+797F,祿,6
U+8857,街,6
U+6A80,檀,6
U+7C83,粃,6
U+68D2,棒,6
U+8C8C,貌,6
U+80A1,股,6
U+9D5C,鵜,6
U+6AC3,櫃,6
U+7B56,策,6
U+7AC3,竃,6
U+5360,占,6
U+5E83,広,6
U+6349,捉,6
U+623E,戾,6
U+5DF4,巴,6
U+5B8C,完,6
U+51C6,准,6
U+8577,蕷,6
U+83AB,莫,6
U+58EC,壬,6
U+666E,普,6
U+8B90,讐,6
U+9759,静,6
U+7B87,箇,6
U+80DE,胞,6
U+7AFA,竺,6
U+5078,偸,6
U+84BF,蒿,6
U+7BC9,築,6
U+59D4,委,6
U+64AB,撫,6
U+6DF7,混,6
U+63B4,掴,6
U+9CF0,鳰,6
U+6B74,歴,5
U+4E4F,乏,5
U+67B8,枸,5
U+7621,瘡,5
U+85AB,薫,5
U+68D8,棘,5
U+623B,戻,5
U+557C,啼,5
U+6E8F,溏,5
U+9F61,齡,5
U+9084,還,5
U+7A3B,稻,5
U+5EC9,廉,5
U+86C9,蛉,5
U+5DEB,巫,5
U+5F27,弧,5
U+5E45,幅,5
U+70DF,烟,5
U+656C,敬,5
U+5446,呆,5
U+4FC3,促,5
U+88FE,裾,5
U+6059,恙,5
U+9E93,麓,5
U+83F1,菱,5
U+8D08,贈,5
U+5F48,彈,5
U+9C0C,鰌,5
U+4ECD,仍,5
U+6052,恒,5
U+4E1E,丞,5
U+8FB1,辱,5
U+7C8B,粋,5
U+5323,匣,5
U+8A66,試,5
U+4FCA,俊,5
U+6841,桁,5
U+6388,授,5
U+695A,楚,5
U+7D75,絵,5
U+96D6,雖,5
U+9D59,鵙,5
U+6854,桔,5
U+7D3A,紺,5
U+5F93,従,5
U+6F45,潅,5
U+75F4,痴,5
U+5E3D,帽,5
U+7B92,箒,5
U+4FC2,係,5
U+6DC0,淀,5
U+6FA4,澤,5
U+9B4F,魏,5
U+7164,煤,5
U+8888,袈,5
U+76E7,盧,5
U+638C,掌,5
U+9BAB,鮫,5
U+641C,搜,5
U+5F18,弘,5
U+5F14,弔,5
U+5ECA,廊,5
U+8AF7,諷,5
U+9320,錠,5
U+81E8,臨,5
U+8CBC,貼,5
U+533B,医,5
U+5BC2,寂,5
U+30E1,メ,5
U+6982,概,5
U+8F14,輔,5
U+5A7F,婿,5
U+5AE9,嫩,5
U+53F6,叶,5
U+8CB3,貳,5
U+8B21,謡,5
U+30AE,ギ,5
U+5854,塔,5
U+871C,蜜,5
U+6F6E,潮,5
U+873B,蜻,5
U+6CBD,沽,5
U+6191,憑,5
U+55DA,嗚,5
U+67D8,柘,5
U+8706,蜆,5
U+7AC4,竄,5
U+885D,衝,5
U+7089,炉,5
U+4E43,乃,5
U+52A3,劣,5
U+88F8,裸,5
U+55AB,喫,5
U+898F,規,5
U+555C,啜,5
U+890C,褌,5
U+5DF3,巳,5
U+9F08,鼈,5
U+614E,慎,5
U+6681,暁,5
U+99D2,駒,5
U+5D8C,嶌,5
U+77E3,矣,5
U+9DAF,鶯,5
U+85EA,藪,5
U+7DB8,綸,5
U+8A89,誉,5
U+88DF,裟,5
U+30BD,ソ,5
U+9798,鞘,5
U+5C5E,属,5
U+9B31,鬱,5
U+50CF,像,5
U+907F,避,5
U+86F8,蛸,5
U+614B,態,5
U+96DB,雛,5
U+5BE9,審,5
U+6258,托,5
U+8129,脩,5
U+6897,梗,5
U+5C06,将,5
U+9945,饅,5
U+30A8,エ,5
U+50F9,價,5
U+7DD1,緑,5
U+80AF,肯,5
U+9F52,齒,5
U+6775,杵,5
U+5C4D,屍,5
U+9F13,鼓,5
U+63FA,揺,5
U+7A57,穗,5
U+6173,慳,5
U+7DBA,綺,5
U+8852,衒,5
U+55E3,嗣,5
U+5711,圑,5
U+535A,博,5
U+8CC7,資,5
U+8702,蜂,5
U+814E,腎,5
U+727D,牽,5
U+8B17,謗,5
U+79E4,秤,4
U+8B93,讓,4
U+7955,祕,4
U+6E38,游,4
U+6249,扉,4
U+50B7,傷,4
U+6F02,漂,4
U+7262,牢,4
U+78C1,磁,4
U+822C,般,4
U+6414,搔,4
U+6DEB,淫,4
U+8073,聳,4
U+67D4,柔,4
U+4E89,争,4
U+9C24,鰤,4
U+82B3,芳,4
U+4EDD,仝,4
U+9B91,鮑,4
U+68C4,棄,4
U+9B45,魅,4
U+9909,餉,4
U+947F,鑿,4
U+7240,牀,4
U+9A55,驕,4
U+9285,銅,4
U+83A7,莧,4
U+7766,睦,4
U+5217,列,4
U+8DE8,跨,4
U+89F8,觸,4
U+96DE,雞,4
U+7CEF,糯,4
U+723E,爾,4
U+68AD,梭,4
U+7325,猥,4
U+6919,椙,4
U+8A34,訴,4
U+30D9,ベ,4
U+7573,畳,4
U+5076,偶,4
U+6D29,洩,4
U+30C3,ッ,4
U+6D0B,洋,4
U+52C5,勅,4
U+68DF,棟,4
U+502B,倫,4
U+9673,陳,4
U+811A,脚,4
U+5E16,帖,4
U+8B19,謙,4
U+8A54,詔,4
U+6291,抑,4
U+7D1B,紛,4
U+76DF,盟,4
U+4FAF,侯,4
U+8749,蝉,4
U+30F6,ヶ,4
U+6A1F,樟,4
U+758B,疋,4
U+6777,杷,4
U+62D4,拔,4
U+5BA3,宣,4
U+5A92,媒,4
U+8B1B,講,4
U+6E5B,湛,4
U+524A,削,4
U+7701,省,4
U+4ED4,仔,4
U+6BBB,殻,4
U+9663,陣,4
U+660F,昏,4
U+8A50,詐,4
U+8526,蔦,4
U+540F,吏,4
U+6C93,沓,4
U+54BD,咽,4
U+67F9,柹,4
U+819A,膚,4
U+6A9C,檜,4
U+72F9,狹,4
U+51E0,几,4
U+5C3F,尿,4
U+6CA1,没,4
U+5294,劔,4
U+978D,鞍,4
U+5FAE,微,4
U+7ACA,竊,4
U+9BCA,鯊,4
U+8B2B,謫,4
U+805F,聟,4
U+68D7,棗,4
U+5C51,屑,4
U+5F4C,彌,4
U+7768,睨,4
U+6572,敲,4
U+619A,憚,4
U+8956,襖,4
U+76DE,盞,4
U+5BFF,寿,4
U+5642,噂,4
U+61C7,懇,4
U+9A57,驗,4
U+751C,甜,4
U+6F06,漆,4
U+6021,怡,4
U+670B,朋,4
U+7210,爐,4
U+9C52,鱒,4
U+6293,抓,4
U+9D51,鵑,4
U+5E7F,广,4
U+8096,肖,4
U+7B75,筵,4
U+5FDD,忝,4
U+993B,餻,4
U+9453,鑓,4
U+66F3,曳,4
U+4EC0,什,4
U+693D,椽,4
U+7FF0,翰,4
U+83F0,菰,4
U+86A2,蚢,4
U+53D4,叔,4
U+5872,塲,4
U+682A,株,4
U+895F,襟,4
U+7B65,筥,4
U+7DE9,緩,4
U+5815,堕,4
U+543B,吻,4
U+6C92,沒,4
U+78A7,碧,4
U+821C,舜,4
U+887F,衿,4
U+7F75,罵,4
U+5DBD,嶽,4
U+55B6,営,4
U+5CE8,峨,4
U+798D,禍,4
U+6B61,歡,4
U+6838,核,4
U+75AB,疫,4
U+87F6,蟶,4
U+53C9,叉,4
U+865E,虞,4
U+81CD,臍,4
U+8568,蕨,4
U+8EF8,軸,4
U+6893,梓,4
U+8CC4,賄,4
U+8CD3,賓,4
U+9BF7,鯷,4
U+803B,耻,4
U+633F,挿,4
U+9078,選,4
U+542E,吮,4
U+56AE,嚮,4
U+6FEF,濯,4
U+7B6D,筭,4
U+6B20,欠,4
U+50C5,僅,4
U+7344,獄,4
U+68F9,棹,4
U+69CC,槌,4
U+9675,陵,4
U+5378,卸,4
U+5553,啓,4
U+6101,愁,4
U+68A7,梧,4
U+30BA,ズ,4
U+837B,荻,4
U+5475,呵,4
U+540A,吊,4
U+82F1,英,4
U+77BF,瞿,4
U+8A6B,詫,4
U+725D,牝,4
U+525B,剛,4
U+0032,2,4
U+8607,蘇,4
U+613C,愼,4
U+5BD3,寓,4
U+8B72,譲,4
U+8395,莕,4
U+6FE1,濡,4
U+9761,靡,4
U+7566,畦,4
U+56A2,嚢,4
U+751E,甞,4
U+5DAE,嶮,4
U+61FA,懺,4
U+6FDF,濟,4
U+71A8,熨,4
U+5109,儉,4
U+53B3,厳,4
U+8C61,象,4
U+936C,鍬,4
U+9DFA,鷺,4
U+69FF,槿,4
U+9CF3,鳳,4
U+9B41,魁,4
U+51DD,凝,4
U+7156,煖,4
U+62AB,披,4
U+846D,葭,4
U+9EE8,黨,4
U+6212,戒,4
U+6D1E,洞,4
U+9D72,鵲,3
U+8086,肆,3
U+7F3A,缺,3
U+8058,聘,3
U+7FAE,羮,3
U+6FEB,濫,3
U+546A,呪,3
U+86F9,蛹,3
U+86C4,蛄,3
U+5358,単,3
U+92F8,鋸,3
U+65E0,无,3
U+53E2,叢,3
U+9F9C,龜,3
U+9177,酷,3
U+6E09,渉,3
U+6787,枇,3
U+9785,鞅,3
U+5A25,娥,3
U+7372,獲,3
U+5C53,屓,3
U+53CC,双,3
U+5608,嘈,3
U+87F7,蟷,3
U+920D,鈍,3
U+8165,腥,3
U+6F2B,漫,3
U+7E37,縷,3
U+991D,餝,3
U+30C0,ダ,3
U+7CDD,糝,3
U+56E3,団,3
U+9913,餓,3
U+4FAE,侮,3
U+6BEC,毬,3
U+5925,夥,3
U+5263,剣,3
U+82DF,苟,3
U+6717,朗,3
U+75B1,疱,3
U+9CF6,鳶,3
U+84FC,蓼,3
U+6C40,汀,3
U+8D14,贔,3
U+9C67,鱧,3
U+5023,倣,3
U+6F14,演,3
U+844E,葎,3
U+5E7B,幻,3
U+95A3,閣,3
U+8500,蔀,3
U+5F3E,弾,3
U+788E,碎,3
U+9C36,鰶,3
U+3077,ぷ,3
U+52AB,劫,3
U+5C2D,尭,3
U+731B,猛,3
U+9700,需,3
U+91C7,采,3
U+9EB5,麵,3
U+6750,材,3
U+7B94,箔,3
U+6280,技,3
U+5E63,幣,3
U+813E,脾,3
U+68E0,棠,3
U+88B1,袱,3
U+63EE,揮,3
U+7FB9,羹,3
U+8711,蜑,3
U+7E26,縦,3
U+9047,遇,3
U+7893,碓,3
U+7AD2,竒,3
U+9730,霰,3
U+7C3F,簿,3
U+7329,猩,3
U+5371,危,3
U+57C3,埃,3
U+5638,嘸,3
U+7511,甑,3
U+81A0,膠,3
U+7009,瀉,3
U+693F,椿,3
U+5954,奔,3
U+723C,爼,3
U+76BA,皺,3
U+9742,靂,3
U+68B0,械,3
U+9DD7,鷗,3
U+65C1,旁,3
U+5C0E,導,3
U+6BBD,殽,3
U+5265,剥,3
U+9C47,鱇,3
U+5065,健,3
U+8F03,較,3
U+504F,偏,3
U+9C0A,鰊,3
U+8074,聴,3
U+605A,恚,3
U+8328,茨,3
U+68B5,梵,3
U+5E1B,帛,3
U+6B3A,欺,3
U+53E1,叡,3
U+6773,杳,3
U+6070,恰,3
U+9BD4,鯔,3
U+5F81,征,3
U+620A,戊,3
U+81D8,臘,3
U+60B6,悶,3
U+5589,喉,3
U+5B54,孔,3
U+3479,㑹,3
U+5984,妄,3
U+6627,昧,3
U+4E18,丘,3
U+9AFB,髻,3
U+5C60,屠,3
U+7BE0,篠,3
U+80C3,胃,3
U+5E87,庇,3
U+5C55,展,3
U+8679,虹,3
U+9682,隂,3
U+8A17,託,3
U+53A8,厨,3
U+6E0B,渋,3
U+8D99,趙,3
U+76B7,皷,3
U+8782,螂,3
U+7761,睡,3
U+5EFC,廼,3
U+8271,艱,3
U+543C,吼,3
U+6483,撃,3
U+5A36,娶,3
U+56C0,囀,3
U+68FA,棺,3
U+5492,咒,3
U+675E,杞,3
U+860B,蘋,3
U+8D16,贖,3
U+643A,携,3
U+9EAA,麪,3
U+6EBA,溺,3
U+6230,戰,3
U+5544,啄,3
U+7E7C,繼,3
U+79E9,秩,3
U+9EE0,黠,3
U+57DF,域,3
U+86CE,蛎,3
U+900D,逍,3
U+91CB,釋,3
U+6478,摸,3
U+8CE6,賦,3
U+5A9A,媚,3
U+7815,砕,3
U+8AF1,諱,3
U+8CFD,賽,3
U+840D,萍,3
U+5978,奸,3
U+70C8,烈,3
U+5EB6,庶,3
U+731C,猜,3
U+6F15,漕,3
U+96F6,零,3
U+80CE,胎,3
U+6EF4,滴,3
U+7CFB,系,3
U+602F,怯,3
U+9928,館,3
U+65D7,旗,3
U+5339,匹,3
U+87BB,螻,3
U+7669,癩,3
U+67A1,枡,3
U+5BF5,寵,3
U+30CC,ヌ,3
U+9F3E,鼾,3
U+7D5E,絞,3
U+7881,碁,3
U+7F94,羔,3
U+8205,舅,3
U+86EE,蛮,3
U+7DFB,緻,3
U+935B,鍛,3
U+6B1D,欝,3
U+6D12,洒,3
U+79E1,秡,3
U+6319,挙,3
U+80E4,胤,3
U+9178,酸,3
U+5145,充,3
U+9C06,鰆,3
U+88C2,裂,3
U+5EF3,廳,3
U+5D6F,嵯,3
U+752B,甫,3
U+745E,瑞,3
U+6ED1,滑,3
U+7FE0,翠,3
U+67B4,枴,3
U+6E9D,溝,3
U+76E5,盥,3
U+56B4,嚴,3
U+9A28,騨,3
U+5A62,婢,3
U+9396,鎖,3
U+60DF,惟,3
U+7D99,継,3
U+5A23,娣,3
U+966A,陪,3
U+7248,版,3
U+8F1B,輛,3
U+7D35,紵,3
U+7F78,罸,3
U+7B6C,筬,3
U+8006,耆,3
U+57FA,基,3
U+4EC2,仂,3
U+52B1,励,3
U+5955,奕,3
U+70AE,炮,3
U+5BD4,寔,3
U+4F3A,伺,3
U+598A,妊,3
U+61A4,憤,3
U+7A1C,稜,3
U+9038,逸,3
U+545F,呟,3
U+83B5,莵,3
U+7E8F,纏,3
U+5FFF,忿,3
U+9817,頗,3
U+673A,机,3
U+6A29,権,3
U+6566,敦,3
U+9B9F,鮟,3
U+87FE,蟾,3
U+919C,醜,3
U+9EBF,麿,3
U+5366,卦,3
U+9BA7,鮧,3
U+9BF0,鯰,3
U+7F70,罰,3
U+5E55,幕,3
U+95D5,闕,3
U+8700,蜀,3
U+5ABD,媽,3
U+9264,鉤,3
U+67B6,架,3
U+5E0B,帋,3
U+7CCA,糊,3
U+5029,倩,3
U+5761,坡,3
U+6894,梔,3
U+792B,礫,3
U+907D,遽,3
U+6467,摧,3
U+8292,芒,3
U+9739,霹,3
U+64A5,撥,3
U+6DF3,淳,3
U+7C43,籃,3
U+889E,袞,3
U+6CF0,泰,3
U+79A6,禦,3
U+7AA9,窩,3
U+52C3,勃,3
U+7D68,絨,3
U+6D95,涕,3
U+863F,蘿,3
U+7D71,統,3
U+7985,禅,3
U+9C72,鱲,3
U+7C98,粘,3
U+64E7,擧,3
U+8EBE,躾,3
U+83D6,菖,3
U+816B,腫,3
U+7C97,粗,3
U+8F2F,輯,3
U+8010,耐,3
U+82D1,苑,3
U+7BC4,範,3
U+664B,晋,3
U+71BE,熾,3
U+5DBA,嶺,3
U+0039,9,3
U+59E6,姦,3
U+7A37,稷,3
U+5A3C,娼,3
U+5DE1,巡,3
U+6A47,橇,3
U+925B,鉛,3
U+69BE,榾,2
U+5147,兇,2
U+82E3,苣,2
U+5178,典,2
U+76D6,盖,2
U+5840,塀,2
U+0031,1,2
U+6AC2,櫂,2
U+69B4,榴,2
U+70B3,炳,2
U+50F5,僵,2
U+9D86,鶆,2
U+881C,蠜,2
U+9AB8,骸,2
U+5507,唇,2
U+8562,蕢,2
U+5275,創,2
U+7ABB,窻,2
U+6BDF,毟,2
U+9214,鈔,2
U+66E0,曠,2
U+7119,焙,2
U+7483,璃,2
U+6015,怕,2
U+70F9,烹,2
U+9676,陶,2
U+978B,鞋,2
U+4FE4,俤,2
U+51CD,凍,2
U+9786,鞆,2
U+67CA,柊,2
U+7378,獸,2
U+6E13,渓,2
U+9677,陷,2
U+69CD,槍,2
U+8543,蕃,2
U+901D,逝,2
U+88C5,装,2
U+70D9,烙,2
U+7E0A,縊,2
U+7AF6,競,2
U+54B8,咸,2
U+83EB,菫,2
U+4FCE,俎,2
U+5F69,彩,2
U+7E1E,縞,2
U+78D0,磐,2
U+865F,號,2
U+73B2,玲,2
U+93AE,鎮,2
U+5F91,徑,2
U+805A,聚,2
U+9921,餡,2
U+75B2,疲,2
U+4E19,丙,2
U+91AF,醯,2
U+816E,腮,2
U+6905,椅,2
U+68BC,梼,2
U+62F3,拳,2
U+5B51,孑,2
U+74E0,瓠,2
U+6668,晨,2
U+5A2F,娯,2
U+9665,陥,2
U+8A8C,誌,2
U+56C2,囂,2
U+79BD,禽,2
U+4FF8,俸,2
U+582F,堯,2
U+6416,搖,2
U+777E,睾,2
U+7E5E,繞,2
U+74A7,璧,2
U+7114,焔,2
U+68F2,棲,2
U+8331,茱,2
U+8DCB,跋,2
U+976D,靭,2
U+9952,饒,2
U+9DE6,鷦,2
U+8910,褐,2
U+54A8,咨,2
U+8821,蠡,2
U+5146,兆,2
U+67FB,査,2
U+8ACF,諏,2
U+76D2,盒,2
U+5403,吃,2
U+4E4D,乍,2
U+9D50,鵐,2
U+9174,酴,2
U+8862,衢,2
U+7E3E,績,2
U+958F,閏,2
U+95CD,闍,2
U+5DE2,巢,2
U+5FB9,徹,2
U+7984,禄,2
U+8A23,訣,2
U+80EF,胯,2
U+5557,啗,2
U+8347,荇,2
U+84BB,蒻,2
U+7BAD,箭,2
U+8B92,讒,2
U+803D,耽,2
U+72AF,犯,2
U+6127,愧,2
U+6A61,橡,2
U+62D2,拒,2
U+8671,虱,2
U+5F90,徐,2
U+96F9,雹,2
U+62D7,拗,2
U+9BAA,鮪,2
U+8D6B,赫,2
U+6A8E,檎,2
U+97EE,韮,2
U+7684,的,2
U+584A,塊,2
U+840C,萌,2
U+6FD5,濕,2
U+93CA,鏊,2
U+6BC6,毆,2
U+8AED,諭,2
U+87E0,蟠,2
U+918D,醍,2
U+91AA,醪,2
U+9BD1,鯑,2
U+9768,靨,2
U+9470,鑰,2
U+9A13,験,2
U+93B0,鎰,2
U+7DA2,綢,2
U+5287,劇,2
U+54F2,哲,2
U+6063,恣,2
U+54FD,哽,2
U+6096,悖,2
U+7957,祗,2
U+8944,襄,2
U+5C04,射,2
U+5BA6,宦,2
U+9C23,鰣,2
U+526F,副,2
U+8A87,誇,2
U+8133,脳,2
U+593E,夾,2
U+7E92,纒,2
U+3863,㡣,2
U+9949,饉,2
U+88DC,補,2
U+9B58,魘,2
U+8318,茘,2
U+75D8,痘,2
U+97A0,鞠,2
U+64C2,擂,2
U+4FDF,俟,2
U+99ED,駭,2
U+6A90,檐,2
U+6CE1,泡,2
U+7578,畸,2
U+5EC3,廃,2
U+8E74,蹴,2
U+505C,停,2
U+8C5A,豚,2
U+50FB,僻,2
U+8B1D,謝,2
U+82E1,苡,2
U+8438,萸,2
U+9BF5,鯵,2
U+690B,椋,2
U+5F70,彰,2
U+87C6,蟆,2
U+7C11,簑,2
U+30ED,ロ,2
U+8258,艘,2
U+6DF9,淹,2
U+96FB,電,2
U+7D45,絅,2
U+809A,肚,2
U+7328,猨,2
U+5AD7,嫗,2
U+6092,悒,2
U+6953,楓,2
U+983D,頽,2
U+6548,效,2
U+9940,饀,2
U+8F5F,轟,2
U+6867,桧,2
U+9065,遥,2
U+5640,噀,2
U+8317,茗,2
U+6C83,沃,2
U+51CB,凋,2
U+7CB3,粳,2
U+6DBF,涿,2
U+4F75,併,2
U+67FE,柾,2
U+8166,腦,2
U+677C,杼,2
U+9C08,鰈,2
U+7F88,羈,2
U+5F59,彙,2
U+9F2B,鼫,2
U+9DEF,鷯,2
U+5B8B,宋,2
U+8CA9,販,2
U+63E1,握,2
U+9BD2,鯒,2
U+56C3,囃,2
U+9475,鑵,2
U+798A,禊,2
U+7A20,稠,2
U+88D9,裙,2
U+9266,鉦,2
U+8E4A,蹊,2
U+756B,畫,2
U+9190,醐,2
U+7E3A,縺,2
U+7C0D,簍,2
U+87D2,蟒,2
U+5EE2,廢,2
U+9077,遷,2
U+708E,炎,2
U+8693,蚓,2
U+60A7,悧,2
U+7642,療,2
U+8602,蘂,2
U+74B0,環,2
U+9EDB,黛,2
U+88F9,裹,2
U+6874,桴,2
U+8E81,躁,2
U+91A2,醢,2
U+7AC5,竅,2
U+7912,礒,2
U+696B,楫,2
U+66A6,暦,2
U+74CF,瓏,2
U+50C9,僉,2
U+6398,掘,2
U+9958,饘,2
U+7825,砥,2
U+95A4,閤,2
U+7409,琉,2
U+69C3,槃,2
U+8168,腨,2
U+7267,牧,2
U+633E,挾,2
U+93AD,鎭,2
U+7375,獵,2
U+89DC,觜,2
U+74BD,璽,2
U+9354,鍔,2
U+6F23,漣,2
U+5D11,崑,2
U+722D,爭,2
U+79EC,秬,2
U+66DD,曝,2
U+7E46,繆,2
U+53A0,厠,2
U+8420,萠,2
U+90C1,郁,2
U+9CEB,鳫,2
U+5E9A,庚,2
U+8B9A,讚,2
U+867B,虻,2
U+9237,鈷,2
U+58FC,壼,2
U+518C,册,2
U+8881,袁,2
U+9F07,鼇,2
U+63A0,掠,2
U+60F1,惱,2
U+8A95,誕,2
U+7CD5,糕,2
U+851E,蔞,2
U+67E9,柩,2
U+5B64,孤,2
U+6226,戦,2
U+7554,畔,2
U+6676,晶,2
U+6C08,氈,2
U+8805,蠅,2
U+8597,薗,2
U+5FA8,徨,2
U+814B,腋,2
U+81C9,臉,2
U+7DC7,緇,2
U+63A9,掩,2
U+72A0,犠,2
U+300C,「,2
U+8CA8,貨,2
U+8FA8,辨,2
U+98DC,飜,2
U+8D05,贅,2
U+7239,爹,2
U+61B6,憶,2
U+6E07,渇,2
U+5211,刑,2
U+6D85,涅,2
U+689F,梟,2
U+7A17,稗,2
U+985B,顛,2
U+5121,儡,2
U+FA1D,精,2
U+61F2,懲,2
U+8466,葦,2
U+572D,圭,2
U+75B3,疳,2
U+6CF3,泳,2
U+6248,扈,2
U+7D02,紂,2
U+5080,傀,2
U+9C4F,鱏,2
U+55A9,喩,2
U+5480,咀,2
U+FA38,器,2
U+68AF,梯,2
U+9C29,鰩,2
U+85CD,藍,2
U+83D4,菔,2
U+608C,悌,2
U+88C1,裁,2
U+761F,瘟,2
U+5BB0,宰,2
U+5056,偖,2
U+8B8A,變,2
U+7953,祓,2
U+84A1,蒡,2
U+30C2,ヂ,2
U+84BC,蒼,2
U+99DF,駟,2
U+5F11,弑,2
U+874B,蝋,2
U+9C3B,鰻,2
U+8AB9,誹,2
U+9EA9,麩,2
U+7AB6,窶,2
U+5D69,嵩,2
U+8B4F,譏,2
U+66F9,曹,2
U+7960,祠,2
U+86EF,蛯,2
U+662D,昭,2
U+8202,舂,2
U+8925,褥,2
U+5919,夙,2
U+8B5A,譚,2
U+5C16,尖,2
U+5A9B,媛,2
U+6FB3,澳,2
U+5E06,帆,2
U+8FEB,迫,2
U+58AE,墮,2
U+80DD,胝,2
U+9013,逓,2
U+6A12,樒,2
U+509A,傚,2
U+86AF,蚯,2
U+98AF,颯,2
U+5C40,局,2
U+6208,戈,2
U+570D,圍,2
U+55AA,喪,2
U+5B40,孀,2
U+6392,排,2
U+7D21,紡,2
U+629B,抛,2
U+9C6A,鱪,2
U+6F3F,漿,2
U+5C6F,屯,2
U+7CAE,粮,2
U+531C,匜,2
U+8540,蕀,2
U+9295,銕,2
U+828D,芍,2
U+9F0E,鼎,2
U+773A,眺,2
U+8E30,踰,2
U+7C4D,籍,2
U+5617,嘗,2
U+5960,奠,2
U+526A,剪,2
U+601C,怜,2
U+99D0,駐,2
U+665E,晞,2
U+626E,扮,2
U+83D8,菘,2
U+7D2F,累,2
U+FA5C,臭,2
U+6389,掉,2
U+883B,蠻,2
U+964B,陋,2
U+614C,慌,2
U+62CC,拌,2
U+8703,蜃,2
U+5A35,娵,2
U+58C7,壇,2
U+9C10,鰐,2
U+5289,劉,2
U+6EC4,滄,2
U+7D6E,絮,2
U+9942,饂,2
U+5018,倘,2
U+86DF,蛟,2
U+9AD9,髙,2
U+4F0D,伍,2
U+5199,写,2
U+649E,撞,2
U+95E2,闢,2
U+849F,蒟,2
U+7AEA,竪,1
U+775C,睜,1
U+FA45,海,1
U+6995,榕,1
U+5BB8,宸,1
U+755A,畚,1
U+9AF7,髷,1
U+8004,耄,1
U+8F9C,辜,1
U+6801,栁,1
U+8872,衲,1
U+87DF,蟟,1
U+5D16,崖,1
U+977C,靼,1
U+9C5A,鱚,1
U+574F,坏,1
U+58EF,壯,1
U+0036,6,1
U+976A,靪,1
U+84F4,蓴,1
U+86A3,蚣,1
U+873E,蜾,1
U+9821,頡,1
U+691C,検,1
U+8822,蠢,1
U+97ED,韭,1
U+7C82,粂,1
U+8AEB,諫,1
U+5C28,尨,1
U+4543,䕃,1
U+696F,楯,1
U+9BEF,鯯,1
U+7515,甕,1
U+5354,協,1
U+795A,祚,1
U+59A8,妨,1
U+99C6,駆,1
U+7F60,罠,1
U+59DA,姚,1
U+5B99,宙,1
U+5830,堰,1
U+7A3E,稾,1
U+72C4,狄,1
U+8FC2,迂,1
U+7A6A,穪,1
U+655D,敝,1
U+62D8,拘,1
U+5EF7,廷,1
U+968B,隋,1
U+6556,敖,1
U+51B4,冴,1
U+826A,艪,1
U+3B87,㮇,1
U+9C15,鰕,1
U+9EB4,麴,1
U+62D0,拐,1
U+91F5,釵,1
U+6E7E,湾,1
U+96D5,雕,1
U+9082,邂,1
U+82F5,苵,1
U+8E48,蹈,1
U+9B1A,鬚,1
U+8396,莖,1
U+5271,剱,1
U+9B29,鬩,1
U+8F4D,轍,1
U+85FF,藿,1
U+8725,蜥,1
U+53DB,叛,1
U+5751,坑,1
U+55FD,嗽,1
U+68B3,梳,1
U+786B,硫,1
U+9724,霤,1
U+77BB,瞻,1
U+6840,桀,1
U+30B0,グ,1
U+52C9,勉,1
U+69AA,榪,1
U+97FB,韻,1
U+54E1,員,1
U+74CA,瓊,1
U+6951,楑,1
U+90DB,郛,1
U+5C05,尅,1
U+85B9,薹,1
U+845C,葜,1
U+5AE1,嫡,1
U+9AE9,髩,1
U+6A13,樓,1
U+6760,杠,1
U+5AF0,嫰,1
U+9BA5,鮥,1
U+878D,融,1
U+7E3B,縻,1
U+91BF,醿,1
U+8CDB,賛,1
U+9AC4,髄,1
U+63E9,揩,1
U+9951,饑,1
U+8515,蔕,1
U+9B5F,魟,1
U+63DB,換,1
U+86DE,蛞,1
U+4EAE,亮,1
U+632B,挫,1
U+6E23,渣,1
U+8E87,躇,1
U+9D3D,鴽,1
U+9BB2,鮲,1
U+9F34,鼴,1
U+91B4,醴,1
U+932C,錬,1
U+7433,琳,1
U+9C25,鰥,1
U+62C7,拇,1
U+9C7A,鱺,1
U+9A45,驅,1
U+7CB9,粹,1
U+775A,睚,1
U+6822,栢,1
U+659B,斛,1
U+9870,顰,1
U+62C5,担,1
U+5F8A,徊,1
U+60FA,惺,1
U+5256,剖,1
U+967A,険,1
U+9E8C,麌,1
U+6EA2,溢,1
U+870D,蜍,1
U+876E,蝮,1
U+7387,率,1
U+6803,栃,1
U+731F,猟,1
U+52E6,勦,1
U+887D,衽,1
U+89E6,触,1
U+514C,兌,1
U+6BEB,毫,1
U+6B2C,欬,1
U+8182,膂,1
U+7F9A,羚,1
U+9F5F,齟,1
U+7B18,笘,1
U+6F5F,潟,1
U+6574,整,1
U+7763,督,1
U+5B41,孁,1
U+7165,煥,1
U+7682,皂,1
U+69BF,榿,1
U+9932,餲,1
U+833C,茼,1
U+6583,斃,1
U+736C,獬,1
U+9871,顱,1
U+9C14,鰔,1
U+68C9,棉,1
U+8594,薔,1
U+FF2F,Ｏ,1
U+7B25,笥,1
U+96D9,雙,1
U+6255,払,1
U+7BF7,篷,1
U+5E5F,幟,1
U+5CE0,峠,1
U+63AC,掬,1
U+81C8,臈,1
U+9B87,鮇,1
U+86BA,蚺,1
U+7BAA,箪,1
U+6772,杲,1
U+8C3F,谿,1
U+4E99,亙,1
U+8CB6,貶,1
U+66B9,暹,1
U+9B3B,鬻,1
U+7BFC,篼,1
U+7187,熇,1
U+7962,祢,1
U+8123,脣,1
U+9283,銃,1
U+6C7E,汾,1
U+7827,砧,1
U+633A,挺,1
U+FF0D,－,1
U+6961,楡,1
U+8DD6,跖,1
U+6196,憖,1
U+6DB2,液,1
U+8F9F,辟,1
U+75B9,疹,1
U+7C6C,籬,1
U+6E67,湧,1
U+7762,睢,1
U+6492,撒,1
U+6159,慙,1
U+723D,爽,1
U+68D0,棐,1
U+5BE7,寧,1
U+840A,萊,1
U+7C1F,簟,1
U+72CE,狎,1
U+5BC7,寇,1
U+515C,兜,1
U+621F,戟,1
U+6759,杙,1
U+86C1,蛁,1
U+7738,眸,1
U+5DD6,巖,1
U+4C99,䲙,1
U+5048,偈,1
U+5239,刹,1
U+62D3,拓,1
U+7B4D,筍,1
U+5398,厘,1
U+7A76,究,1
U+58D2,壒,1
U+737B,獻,1
U+87DB,蟛,1
U+7459,瑙,1
U+5B5C,孜,1
U+8708,蜈,1
U+6FC2,濂,1
U+9859,顙,1
U+721B,爛,1
U+8630,蘰,1
U+992C,餬,1
U+0034,4,1
U+7C46,籆,1
U+8774,蝴,1
U+5D19,崙,1
U+7E61,繡,1
U+5E25,帥,1
U+9C12,鰒,1
U+7FE1,翡,1
U+99A8,馨,1
U+7F54,罔,1
U+53D9,叙,1
U+839F,莟,1
U+6FA1,澡,1
U+7B50,筐,1
U+5C41,屁,1
U+974D,靍,1
U+5269,剩,1
U+5CA8,岨,1
U+5CFD,峽,1
U+75FF,痿,1
U+8E1D,踝,1
U+695C,楜,1
U+7737,眷,1
U+9B0C,鬌,1
U+6634,昴,1
U+8CC8,賈,1
U+86B6,蚶,1
U+5AB1,媱,1
U+604D,恍,1
U+7919,礙,1
U+62BD,抽,1
U+62EC,括,1
U+516A,兪,1
U+54AB,咫,1
U+9E8B,麋,1
U+557B,啻,1
U+77BC,瞼,1
U+9A62,驢,1
U+8759,蝙,1
U+62B5,抵,1
U+60B5,悵,1
U+812F,脯,1
U+6056,恖,1
U+4F47,佇,1
U+78FD,磽,1
U+8C4C,豌,1
U+8A1D,訝,1
U+937E,鍾,1
U+6BD8,毘,1
U+5598,喘,1
U+8404,萄,1
U+9EFD,黽,1
U+71FF,燿,1
U+75DE,痞,1
U+9ED0,黐,1
U+84CD,蓍,1
U+58EE,壮,1
U+58CC,壌,1
U+637B,捻,1
U+6165,慥,1
U+9F3A,鼺,1
U+6821,校,1
U+7C12,簒,1
U+8DCC,跌,1
U+793A,示,1
U+64D2,擒,1
U+937C,鍼,1
U+9D1E,鴞,1
U+7149,煉,1
U+810A,脊,1
U+821B,舛,1
U+659C,斜,1
U+6A0B,樋,1
U+55C7,嗇,1
U+9DC2,鷂,1
U+8753,蝓,1
U+6CC4,泄,1
U+8303,范,1
U+6602,昂,1
U+5DF7,巷,1
U+621D,戝,1
U+640F,搏,1
U+9E95,麕,1
U+79E3,秣,1
U+68E7,棧,1
U+9E88,麈,1
U+716C,煬,1
U+8591,薑,1
U+874E,蝎,1
U+6726,朦,1
U+9A6B,驫,1
U+7CDC,糜,1
U+58F3,壳,1
U+6762,杢,1
U+91C4,釄,1
U+8729,蜩,1
U+4EED,仭,1
U+9DF2,鷲,1
U+96BB,隻,1
U+62CA,拊,1
U+59CA,姊,1
U+8972,襲,1
U+82D3,苓,1
U+9132,鄲,1
U+8CBF,貿,1
U+9910,餐,1
U+5BE8,寨,1
U+86CD,蛍,1
U+88D4,裔,1
U+8581,薁,1
U+9149,酉,1
U+73CA,珊,1
U+7724,眤,1
U+964C,陌,1
U+831C,茜,1
U+95CC,闌,1
U+7F9E,羞,1
U+30AC,ガ,1
U+6974,楴,1
U+7E4A,繊,1
U+6684,暄,1
U+71E7,燧,1
U+73ED,班,1
U+7D46,絆,1
U+87CB,蟋,1
U+7E4D,繍,1
U+7A0D,稍,1
U+973D,霽,1
U+5141,允,1
U+9834,頴,1
U+8334,茴,1
U+901E,逞,1
U+6187,憇,1
U+8098,肘,1
U+676D,杭,1
U+5F09,弉,1
U+7A97,窗,1
U+7252,牒,1
U+630C,挌,1
U+8ADB,諛,1
U+69EA,槪,1
U+8B20,謠,1
U+7678,癸,1
U+9B1B,鬛,1
U+5B30,嬰,1
U+9805,項,1
U+9830,頰,1
U+61C8,懈,1
U+69C7,槇,1
U+8061,聡,1
U+7DE1,緡,1
U+6B27,欧,1
U+7627,瘧,1
U+7E55,繕,1
U+8621,蘡,1
U+984B,顋,1
U+6AD3,櫓,1
U+8A25,訥,1
U+562F,嘯,1
U+6A8B,檋,1
U+6BC0,毀,1
U+8A85,誅,1
U+7652,癒,1
U+78E4,磤,1
U+7DAD,維,1
U+4FB2,侲,1
U+6CD4,泔,1
U+4F69,佩,1
U+9DC9,鷉,1
U+936E,鍮,1
U+8755,蝕,1
U+882E,蠮,1
U+98AD,颭,1
U+7030,瀰,1
U+9005,逅,1
U+56C9,囉,1
U+838E,莎,1
U+90A6,邦,1
U+7977,祷,1
U+8FE9,迩,1
U+8D74,赴,1
U+6F6F,潯,1
U+8A91,誑,1
U+9811,頑,1
U+5B70,孰,1
U+621B,戛,1
U+7CB2,粲,1
U+596E,奮,1
U+6108,愈,1
U+8413,萓,1
U+8DDF,跟,1
U+5DCC,巌,1
U+942B,鐫,1
U+6236,戶,1
U+9903,餃,1
U+5EC8,廈,1
U+9AEF,髯,1
U+8E64,蹤,1
U+81D1,臑,1
U+7A31,稱,1
U+6167,慧,1
U+8476,葶,1
U+6EF8,滸,1
U+9837,頷,1
U+8912,褒,1
U+6AE8,櫨,1
U+827E,艾,1
U+634F,捏,1
U+4E42,乂,1
U+8563,蕣,1
U+7BD7,篗,1
U+7A9F,窟,1
U+620E,戎,1
U+903C,逼,1
U+9F2C,鼬,1
U+85FA,藺,1
U+8C7A,豺,1
U+7E35,縵,1
U+8385,莅,1
U+5F6B,彫,1
U+FA4A,琢,1
U+5F17,弗,1
U+80FC,胼,1
U+9B2A,鬪,1
U+6F3B,漻,1
U+9156,酖,1
U+52F8,勸,1
U+8D85,超,1
U+6E24,渤,1
U+7334,猴,1
U+8E06,踆,1
U+7246,牆,1
U+7D43,絃,1
U+85F7,藷,1
U+7280,犀,1
U+722C,爬,1
U+9E75,鹵,1
U+6168,慨,1
U+5F98,徘,1
U+3083,ゃ,1
U+5EF1,廱,1
U+9435,鐵,1
U+60F0,惰,1
U+698A,榊,1
U+566C,噬,1
U+4E98,亘,1
U+5E62,幢,1
U+84C9,蓉,1
U+68B6,梶,1
U+99DD,駝,1
U+81C6,臆,1
U+9B44,魄,1
U+7C17,簗,1
U+9D5D,鵝,1
U+30E6,ユ,1
U+82EB,苫,1
U+7A3C,稼,1
U+97C3,韃,1
U+7552,畒,1
U+9E9F,麟,1
U+35A7,㖧,1
U+75F0,痰,1
U+6279,批,1
U+9C6E,鱮,1
U+7C54,籔,1
U+8796,螖,1
U+83FD,菽,1
U+595A,奚,1
U+8EAF,躯,1
U+916C,酬,1
U+822A,航,1
U+522A,刪,1
U+30E7,ョ,1
U+6F32,漲,1
U+74EE,瓮,1
U+8018,耘,1
U+7BC6,篆,1
U+559F,喟,1
U+6F84,澄,1
U+699B,榛,1
U+9BA6,鮦,1
U+906D,遭,1
U+76B9,皹,1
U+858A,薊,1
U+77AC,瞬,1
U+7058,灘,1
U+80B1,肱,1
U+79B1,禱,1
U+8710,蜐,1
U+6F78,潸,1
U+870A,蜊,1
U+9D12,鴒,1
U+9B51,魑,1
U+771B,眛,1
U+8AA8,誨,1
U+63BE,掾,1
U+83DF,菟,1
U+681D,栝,1
U+5B95,宕,1
U+7396,玖,1
U+75E2,痢,1
U+811B,脛,1
U+717B,煻,1
U+9394,鎔,1
U+5319,匙,1
U+9B18,鬘,1
U+7B4F,筏,1
U+514B,克,1
U+8941,襁,1
U+8A02,訂,1
U+9310,錐,1
U+6A97,檗,1
U+51F9,凹,1
U+9BCE,鯎,1
U+8789,螉,1
U+9C63,鱣,1
U+81C2,臂,1
U+88D8,裘,1
U+7E11,縑,1
U+9DC3,鷃,1
U+83DD,菝,1
U+520A,刊,1
U+6A66,橦,1
U+5F73,彳,1
U+8803,蠃,1
U+8E8A,躊,1
U+8EA1,躡,1
U+837C,荼,1
U+606D,恭,1
U+5CB3,岳,1
U+4C61,䱡,1
U+7F5F,罟,1
U+514A,兊,1
U+52DF,募,1
U+610D,愍,1
U+7B19,笙,1
U+63F4,援,1
U+746A,瑪,1
U+9C4A,鱊,1
U+30D6,ブ,1
U+52FE,勾,1
U+64DA,據,1
U+7279,特,1
U+66FC,曼,1
U+7CF6,糶,1
U+9E7D,鹽,1
U+8757,蝗,1
U+63CF,描,1
U+7D2C,紬,1
U+4572,䕲,1
U+72DB,狛,1
U+9F62,齢,1
U+93E4,鏤,1
U+7F79,罹,1
U+55D4,嗔,1
U+9C46,鱆,1
U+7A95,窕,1
U+65A7,斧,1
U+9D7A,鵺,1
U+66DC,曜,1
U+83BE,莾,1
U+8831,蠱,1
U+9B66,魦,1
U+7C5F,籟,1
U+98FE,飾,1
U+6460,摠,1
U+5747,均,1
U+60FB,惻,1
U+8734,蜴,1
U+8D67,赧,1
U+8012,耒,1
U+5FA0,徠,1
U+858F,薏,1
U+7208,爈,1
U+64AE,撮,1
U+95D6,闖,1
U+9BF2,鯲,1
U+8D04,贄,1
U+83C1,菁,1
U+8DFC,跼,1
U+85DC,藜,1
U+6959,楙,1
U+9C3E,鰾,1
U+737A,獺,1
U+57DC,埜,1
U+4093,䂓,1
U+7832,砲,1
U+9DBA,鶺,1
U+90CA,郊,1
U+6ADA,櫚,1
U+87C0,蟀,1
U+67B7,枷,1
U+5C50,屐,1
U+69F9,槹,1
U+30AA,オ,1
U+55DF,嗟,1
U+5EB7,康,1
U+92E4,鋤,1
U+5B32,嬲,1
U+85D0,藐,1
U+9C3A,鰺,1
U+7B06,笆,1
U+652C,攬,1
U+5BE4,寤,1
U+57F5,埵,1
U+6BAF,殯,1
U+5EB8,庸,1
U+77DB,矛,1
U+9E9D,麝,1
U+8CFA,賺,1
U+6960,楠,1
U+8C49,豉,1
U+9B97,鮗,1
U+53CE,収,1
U+54A5,咥,1
U+79B0,禰,1
U+7E3D,總,1
U+30B4,ゴ,1
U+9306,錆,1
U+83EA,菪,1
U+8618,蘘,1
U+9686,隆,1
U+7235,爵,1
U+9C76,鱶,1
U+6FF5,濵,1
U+7F4C,罌,1
U+672E,朮,1
U+8DF3,跳,1
U+524B,剋,1
U+6ED3,滓,1
U+8062,聢,1
U+60C6,惆,1
U+7A88,窈,1
U+5011,們,1
U+6518,攘,1
U+7500,甀,1
U+5583,喃,1
U+82E7,苧,1
U+7630,瘰,1
U+89E7,觧,1
U+5436,吶,1
U+9444,鑄,1
U+8DCF,跏,1
U+7A4F,穏,1
U+5C4E,屎,1
U+83A8,莨,1
U+9BAC,鮬,1
U+85A8,薨,1
U+53DF,叟,1
U+5A1F,娟,1
U+8901,褁,1
U+8629,蘩,1
U+7403,球,1
U+8AA6,誦,1
U+980C,頌,1
U+9F6C,齬,1
U+67B2,枲,1
U+6DB8,涸,1
U+9C45,鱅,1
U+9B85,鮅,1
U+95BB,閻,1
U+7BE6,篦,1
U+6537,攷,1
U+5EE9,廩,1
U+7C4F,籏,1
U+8B5C,譜,1
U+7B72,筲,1
U+745A,瑚,1
U+6ABB,檻,1
U+6B3D,欽,1
U+25B2,▲,1
U+8514,蔔,1
U+96C7,雇,1
U+5516,唖,1
U+734F,獏,1
U+8E47,蹇,1
U+9B73,魳,1
U+6B47,歇,1
U+8D0F,贏,1
U+75A3,疣,1
U+77DA,矚,1
U+67A9,枩,1
U+5852,塒,1
U+69C1,槁,1
U+8B0E,謎,1
U+608B,悋,1
U+857A,蕺,1
U+6853,桓,1
U+8461,葡,1
U+83CC,菌,1
U+85B7,薷,1
U+6D2A,洪,1
U+8778,蝸,1
U+5A11,娑,1
U+9E0A,鸊,1
U+5C69,屩,1
U+501A,倚,1
U+77E9,矩,1
U+67E4,柤,1
U+9698,隘,1
U+9756,靖,1
U+61F6,懶,1
U+84D9,蓙,1
U+57D3,埓,1
U+58BE,墾,1
U+894C,襌,1
U+9169,酩,1
U+9ECE,黎,1
U+8EC6,軆,1
U+8913,褓,1
U+7422,琢,1
U+30FC,ー,1
U+71DF,營,1
U+6B9E,殞,1
U+79E7,秧,1
U+8299,芙,1
U+8513,蔓,1
U+9F4A,齊,1
U+68CD,棍,1
U+7B67,筧,1
U+7C69,籩,1
U+7D22,索,1
U+6060,恠,1
U+30B8,ジ,1
U+6620,映,1
U+8A5B,詛,1
U+8787,螇,1
U+86B8,蚸,1
U+90AF,邯,1
U+558B,喋,1
U+678B,枋,1
U+7891,碑,1
U+863C,蘼,1
U+5C09,尉,1
U+5B36,嬶,1
U+7FD4,翔,1
U+82EA,苪,1
U+6F66,潦,1
U+783A,砺,1
U+8236,舶,1
U+659F,斟,1
U+8CED,賭,1
U+62FF,拿,1
U+939A,鎚,1
U+9089,邉,1
U+8339,茹,1
U+54E2,哢,1
U+920E,鈎,1
U+8760,蝠,1
U+69CE,槎,1
U+724C,牌,1
U+9C41,鱁,1
U+8EAC,躬,1
U+64E1,擡,1
U+8C55,豕,1
U+91FF,釿,1
U+5AB3,媳,1
U+9B2E,鬮,1
U+7950,祐,1
U+5D14,崔,1
U+303D,〽,1
U+888D,袍,1
U+7CC4,糄,1
U+65AC,斬,1
U+6A14,樔,1
U+615D,慝,1
U+95BC,閼,1
U+93E5,鏥,1
U+59EA,姪,1
U+9403,鐃,1
U+5632,嘲,1
U+69D9,槙,1
U+58DC,壜,1
U+69D6,槖,1
U+4EA8,亨,1
U+8764,蝤,1
U+9E1E,鸞,1
U+559D,喝,1
U+559E,喞,1
U+5B0B,嬋,1
U+631F,挟,1
U+4E17,丗,1
U+70AC,炬,1
U+50B5,債,1
U+8216,舖,1
U+7B8F,箏,1
U+87AB,螫,1
U+859C,薜,1
U+87F2,蟲,1
U+9410,鐐,1
U+8E1E,踞,1
U+63B2,掲,1
U+9A2B,騫,1
U+9DAB,鶫,1
U+6991,榑,1
U+5104,億,1
U+8E2A,踪,1
U+59A3,妣,1
U+9B12,鬒,1
nan,,
